order_id,customer_id,employee_id,order_date,required_date,shipped_date,ship_via,freight,ship_city,ship_country
10248,VINET,5,1996-07-04 00:00:00.000,1996-08-01 00:00:00.000,1996-07-16 00:00:00.000,3,32.38,Reims,France
10249,TOMSP,6,1996-07-05 00:00:00.000,1996-08-16 00:00:00.000,1996-07-10 00:00:00.000,1,11.61,Münster,Germany
10250,HANAR,4,1996-07-08 00:00:00.000,1996-08-05 00:00:00.000,1996-07-12 00:00:00.000,2,65.83,Rio de Janeiro,Brazil
10251,VICTE,3,1996-07-08 00:00:00.000,1996-08-05 00:00:00.000,1996-07-15 00:00:00.000,1,41.34,Lyon,France
10252,SUPRD,4,1996-07-09 00:00:00.000,1996-08-06 00:00:00.000,1996-07-11 00:00:00.000,2,51.3,Charleroi,Belgium
10253,HANAR,3,1996-07-10 00:00:00.000,1996-07-24 00:00:00.000,1996-07-16 00:00:00.000,2,58.17,Rio de Janeiro,Brazil
10254,CHOPS,5,1996-07-11 00:00:00.000,1996-08-08 00:00:00.000,1996-07-23 00:00:00.000,2,22.98,Bern,Switzerland
10255,RICSU,9,1996-07-12 00:00:00.000,1996-08-09 00:00:00.000,1996-07-15 00:00:00.000,3,148.33,Genève,Switzerland
10256,WELLI,3,1996-07-15 00:00:00.000,1996-08-12 00:00:00.000,1996-07-17 00:00:00.000,2,13.97,Resende,Brazil
10257,HILAA,4,1996-07-16 00:00:00.000,1996-08-13 00:00:00.000,1996-07-22 00:00:00.000,3,81.91,San Cristóbal,Venezuela
10258,ERNSH,1,1996-07-17 00:00:00.000,1996-08-14 00:00:00.000,1996-07-23 00:00:00.000,1,140.51,Graz,Austria
10259,CENTC,4,1996-07-18 00:00:00.000,1996-08-15 00:00:00.000,1996-07-25 00:00:00.000,3,3.25,México D.F.,Mexico
10260,OTTIK,4,1996-07-19 00:00:00.000,1996-08-16 00:00:00.000,1996-07-29 00:00:00.000,1,55.09,Köln,Germany
10261,QUEDE,4,1996-07-19 00:00:00.000,1996-08-16 00:00:00.000,1996-07-30 00:00:00.000,2,3.05,Rio de Janeiro,Brazil
10262,RATTC,8,1996-07-22 00:00:00.000,1996-08-19 00:00:00.000,1996-07-25 00:00:00.000,3,48.29,Albuquerque,USA
10263,ERNSH,9,1996-07-23 00:00:00.000,1996-08-20 00:00:00.000,1996-07-31 00:00:00.000,3,146.06,Graz,Austria
10264,FOLKO,6,1996-07-24 00:00:00.000,1996-08-21 00:00:00.000,1996-08-23 00:00:00.000,3,3.67,Bräcke,Sweden
10265,BLONP,2,1996-07-25 00:00:00.000,1996-08-22 00:00:00.000,1996-08-12 00:00:00.000,1,55.28,Strasbourg,France
10266,WARTH,3,1996-07-26 00:00:00.000,1996-09-06 00:00:00.000,1996-07-31 00:00:00.000,3,25.73,Oulu,Finland
10267,FRANK,4,1996-07-29 00:00:00.000,1996-08-26 00:00:00.000,1996-08-06 00:00:00.000,1,208.58,München,Germany
10268,GROSR,8,1996-07-30 00:00:00.000,1996-08-27 00:00:00.000,1996-08-02 00:00:00.000,3,66.29,Caracas,Venezuela
10269,WHITC,5,1996-07-31 00:00:00.000,1996-08-14 00:00:00.000,1996-08-09 00:00:00.000,1,4.56,Seattle,USA
10270,WARTH,1,1996-08-01 00:00:00.000,1996-08-29 00:00:00.000,1996-08-02 00:00:00.000,1,136.54,Oulu,Finland
10271,SPLIR,6,1996-08-01 00:00:00.000,1996-08-29 00:00:00.000,1996-08-30 00:00:00.000,2,4.54,Lander,USA
10272,RATTC,6,1996-08-02 00:00:00.000,1996-08-30 00:00:00.000,1996-08-06 00:00:00.000,2,98.03,Albuquerque,USA
10273,QUICK,3,1996-08-05 00:00:00.000,1996-09-02 00:00:00.000,1996-08-12 00:00:00.000,3,76.07,Cunewalde,Germany
10274,VINET,6,1996-08-06 00:00:00.000,1996-09-03 00:00:00.000,1996-08-16 00:00:00.000,1,6.01,Reims,France
10275,MAGAA,1,1996-08-07 00:00:00.000,1996-09-04 00:00:00.000,1996-08-09 00:00:00.000,1,26.93,Bergamo,Italy
10276,TORTU,8,1996-08-08 00:00:00.000,1996-08-22 00:00:00.000,1996-08-14 00:00:00.000,3,13.84,México D.F.,Mexico
10277,MORGK,2,1996-08-09 00:00:00.000,1996-09-06 00:00:00.000,1996-08-13 00:00:00.000,3,125.77,Leipzig,Germany
10278,BERGS,8,1996-08-12 00:00:00.000,1996-09-09 00:00:00.000,1996-08-16 00:00:00.000,2,92.69,Luleå,Sweden
10279,LEHMS,8,1996-08-13 00:00:00.000,1996-09-10 00:00:00.000,1996-08-16 00:00:00.000,2,25.83,Frankfurt a.M.,Germany
10280,BERGS,2,1996-08-14 00:00:00.000,1996-09-11 00:00:00.000,1996-09-12 00:00:00.000,1,8.98,Luleå,Sweden
10281,ROMEY,4,1996-08-14 00:00:00.000,1996-08-28 00:00:00.000,1996-08-21 00:00:00.000,1,2.94,Madrid,Spain
10282,ROMEY,4,1996-08-15 00:00:00.000,1996-09-12 00:00:00.000,1996-08-21 00:00:00.000,1,12.69,Madrid,Spain
10283,LILAS,3,1996-08-16 00:00:00.000,1996-09-13 00:00:00.000,1996-08-23 00:00:00.000,3,84.81,Barquisimeto,Venezuela
10284,LEHMS,4,1996-08-19 00:00:00.000,1996-09-16 00:00:00.000,1996-08-27 00:00:00.000,1,76.56,Frankfurt a.M.,Germany
10285,QUICK,1,1996-08-20 00:00:00.000,1996-09-17 00:00:00.000,1996-08-26 00:00:00.000,2,76.83,Cunewalde,Germany
10286,QUICK,8,1996-08-21 00:00:00.000,1996-09-18 00:00:00.000,1996-08-30 00:00:00.000,3,229.24,Cunewalde,Germany
10287,RICAR,8,1996-08-22 00:00:00.000,1996-09-19 00:00:00.000,1996-08-28 00:00:00.000,3,12.76,Rio de Janeiro,Brazil
10288,REGGC,4,1996-08-23 00:00:00.000,1996-09-20 00:00:00.000,1996-09-03 00:00:00.000,1,7.45,Reggio Emilia,Italy
10289,BSBEV,7,1996-08-26 00:00:00.000,1996-09-23 00:00:00.000,1996-08-28 00:00:00.000,3,22.77,London,UK
10290,COMMI,8,1996-08-27 00:00:00.000,1996-09-24 00:00:00.000,1996-09-03 00:00:00.000,1,79.7,Sao Paulo,Brazil
10291,QUEDE,6,1996-08-27 00:00:00.000,1996-09-24 00:00:00.000,1996-09-04 00:00:00.000,2,6.4,Rio de Janeiro,Brazil
10292,TRADH,1,1996-08-28 00:00:00.000,1996-09-25 00:00:00.000,1996-09-02 00:00:00.000,2,1.35,Sao Paulo,Brazil
10293,TORTU,1,1996-08-29 00:00:00.000,1996-09-26 00:00:00.000,1996-09-11 00:00:00.000,3,21.18,México D.F.,Mexico
10294,RATTC,4,1996-08-30 00:00:00.000,1996-09-27 00:00:00.000,1996-09-05 00:00:00.000,2,147.26,Albuquerque,USA
10295,VINET,2,1996-09-02 00:00:00.000,1996-09-30 00:00:00.000,1996-09-10 00:00:00.000,2,1.15,Reims,France
10296,LILAS,6,1996-09-03 00:00:00.000,1996-10-01 00:00:00.000,1996-09-11 00:00:00.000,1,0.12,Barquisimeto,Venezuela
10297,BLONP,5,1996-09-04 00:00:00.000,1996-10-16 00:00:00.000,1996-09-10 00:00:00.000,2,5.74,Strasbourg,France
10298,HUNGO,6,1996-09-05 00:00:00.000,1996-10-03 00:00:00.000,1996-09-11 00:00:00.000,2,168.22,Cork,Ireland
10299,RICAR,4,1996-09-06 00:00:00.000,1996-10-04 00:00:00.000,1996-09-13 00:00:00.000,2,29.76,Rio de Janeiro,Brazil
10300,MAGAA,2,1996-09-09 00:00:00.000,1996-10-07 00:00:00.000,1996-09-18 00:00:00.000,2,17.68,Bergamo,Italy
10301,WANDK,8,1996-09-09 00:00:00.000,1996-10-07 00:00:00.000,1996-09-17 00:00:00.000,2,45.08,Stuttgart,Germany
10302,SUPRD,4,1996-09-10 00:00:00.000,1996-10-08 00:00:00.000,1996-10-09 00:00:00.000,2,6.27,Charleroi,Belgium
10303,GODOS,7,1996-09-11 00:00:00.000,1996-10-09 00:00:00.000,1996-09-18 00:00:00.000,2,107.83,Sevilla,Spain
10304,TORTU,1,1996-09-12 00:00:00.000,1996-10-10 00:00:00.000,1996-09-17 00:00:00.000,2,63.79,México D.F.,Mexico
10305,OLDWO,8,1996-09-13 00:00:00.000,1996-10-11 00:00:00.000,1996-10-09 00:00:00.000,3,257.62,Anchorage,USA
10306,ROMEY,1,1996-09-16 00:00:00.000,1996-10-14 00:00:00.000,1996-09-23 00:00:00.000,3,7.56,Madrid,Spain
10307,LONEP,2,1996-09-17 00:00:00.000,1996-10-15 00:00:00.000,1996-09-25 00:00:00.000,2,0.56,Portland,USA
10308,ANATR,7,1996-09-18 00:00:00.000,1996-10-16 00:00:00.000,1996-09-24 00:00:00.000,3,1.61,México D.F.,Mexico
10309,HUNGO,3,1996-09-19 00:00:00.000,1996-10-17 00:00:00.000,1996-10-23 00:00:00.000,1,47.3,Cork,Ireland
10310,THEBI,8,1996-09-20 00:00:00.000,1996-10-18 00:00:00.000,1996-09-27 00:00:00.000,2,17.52,Portland,USA
10311,DUMON,1,1996-09-20 00:00:00.000,1996-10-04 00:00:00.000,1996-09-26 00:00:00.000,3,24.69,Nantes,France
10312,WANDK,2,1996-09-23 00:00:00.000,1996-10-21 00:00:00.000,1996-10-03 00:00:00.000,2,40.26,Stuttgart,Germany
10313,QUICK,2,1996-09-24 00:00:00.000,1996-10-22 00:00:00.000,1996-10-04 00:00:00.000,2,1.96,Cunewalde,Germany
10314,RATTC,1,1996-09-25 00:00:00.000,1996-10-23 00:00:00.000,1996-10-04 00:00:00.000,2,74.16,Albuquerque,USA
10315,ISLAT,4,1996-09-26 00:00:00.000,1996-10-24 00:00:00.000,1996-10-03 00:00:00.000,2,41.76,Cowes,UK
10316,RATTC,1,1996-09-27 00:00:00.000,1996-10-25 00:00:00.000,1996-10-08 00:00:00.000,3,150.15,Albuquerque,USA
10317,LONEP,6,1996-09-30 00:00:00.000,1996-10-28 00:00:00.000,1996-10-10 00:00:00.000,1,12.69,Portland,USA
10318,ISLAT,8,1996-10-01 00:00:00.000,1996-10-29 00:00:00.000,1996-10-04 00:00:00.000,2,4.73,Cowes,UK
10319,TORTU,7,1996-10-02 00:00:00.000,1996-10-30 00:00:00.000,1996-10-11 00:00:00.000,3,64.5,México D.F.,Mexico
10320,WARTH,5,1996-10-03 00:00:00.000,1996-10-17 00:00:00.000,1996-10-18 00:00:00.000,3,34.57,Oulu,Finland
10321,ISLAT,3,1996-10-03 00:00:00.000,1996-10-31 00:00:00.000,1996-10-11 00:00:00.000,2,3.43,Cowes,UK
10322,PERIC,7,1996-10-04 00:00:00.000,1996-11-01 00:00:00.000,1996-10-23 00:00:00.000,3,0.4,México D.F.,Mexico
10323,KOENE,4,1996-10-07 00:00:00.000,1996-11-04 00:00:00.000,1996-10-14 00:00:00.000,1,4.88,Brandenburg,Germany
10324,SAVEA,9,1996-10-08 00:00:00.000,1996-11-05 00:00:00.000,1996-10-10 00:00:00.000,1,214.27,Boise,USA
10325,KOENE,1,1996-10-09 00:00:00.000,1996-10-23 00:00:00.000,1996-10-14 00:00:00.000,3,64.86,Brandenburg,Germany
10326,BOLID,4,1996-10-10 00:00:00.000,1996-11-07 00:00:00.000,1996-10-14 00:00:00.000,2,77.92,Madrid,Spain
10327,FOLKO,2,1996-10-11 00:00:00.000,1996-11-08 00:00:00.000,1996-10-14 00:00:00.000,1,63.36,Bräcke,Sweden
10328,FURIB,4,1996-10-14 00:00:00.000,1996-11-11 00:00:00.000,1996-10-17 00:00:00.000,3,87.03,Lisboa,Portugal
10329,SPLIR,4,1996-10-15 00:00:00.000,1996-11-26 00:00:00.000,1996-10-23 00:00:00.000,2,191.67,Lander,USA
10330,LILAS,3,1996-10-16 00:00:00.000,1996-11-13 00:00:00.000,1996-10-28 00:00:00.000,1,12.75,Barquisimeto,Venezuela
10331,BONAP,9,1996-10-16 00:00:00.000,1996-11-27 00:00:00.000,1996-10-21 00:00:00.000,1,10.19,Marseille,France
10332,MEREP,3,1996-10-17 00:00:00.000,1996-11-28 00:00:00.000,1996-10-21 00:00:00.000,2,52.84,Montréal,Canada
10333,WARTH,5,1996-10-18 00:00:00.000,1996-11-15 00:00:00.000,1996-10-25 00:00:00.000,3,0.59,Oulu,Finland
10334,VICTE,8,1996-10-21 00:00:00.000,1996-11-18 00:00:00.000,1996-10-28 00:00:00.000,2,8.56,Lyon,France
10335,HUNGO,7,1996-10-22 00:00:00.000,1996-11-19 00:00:00.000,1996-10-24 00:00:00.000,2,42.11,Cork,Ireland
10336,PRINI,7,1996-10-23 00:00:00.000,1996-11-20 00:00:00.000,1996-10-25 00:00:00.000,2,15.51,Lisboa,Portugal
10337,FRANK,4,1996-10-24 00:00:00.000,1996-11-21 00:00:00.000,1996-10-29 00:00:00.000,3,108.26,München,Germany
10338,OLDWO,4,1996-10-25 00:00:00.000,1996-11-22 00:00:00.000,1996-10-29 00:00:00.000,3,84.21,Anchorage,USA
10339,MEREP,2,1996-10-28 00:00:00.000,1996-11-25 00:00:00.000,1996-11-04 00:00:00.000,2,15.66,Montréal,Canada
10340,BONAP,1,1996-10-29 00:00:00.000,1996-11-26 00:00:00.000,1996-11-08 00:00:00.000,3,166.31,Marseille,France
10341,SIMOB,7,1996-10-29 00:00:00.000,1996-11-26 00:00:00.000,1996-11-05 00:00:00.000,3,26.78,Kobenhavn,Denmark
10342,FRANK,4,1996-10-30 00:00:00.000,1996-11-13 00:00:00.000,1996-11-04 00:00:00.000,2,54.83,München,Germany
10343,LEHMS,4,1996-10-31 00:00:00.000,1996-11-28 00:00:00.000,1996-11-06 00:00:00.000,1,110.37,Frankfurt a.M.,Germany
10344,WHITC,4,1996-11-01 00:00:00.000,1996-11-29 00:00:00.000,1996-11-05 00:00:00.000,2,23.29,Seattle,USA
10345,QUICK,2,1996-11-04 00:00:00.000,1996-12-02 00:00:00.000,1996-11-11 00:00:00.000,2,249.06,Cunewalde,Germany
10346,RATTC,3,1996-11-05 00:00:00.000,1996-12-17 00:00:00.000,1996-11-08 00:00:00.000,3,142.08,Albuquerque,USA
10347,FAMIA,4,1996-11-06 00:00:00.000,1996-12-04 00:00:00.000,1996-11-08 00:00:00.000,3,3.1,Sao Paulo,Brazil
10348,WANDK,4,1996-11-07 00:00:00.000,1996-12-05 00:00:00.000,1996-11-15 00:00:00.000,2,0.78,Stuttgart,Germany
10349,SPLIR,7,1996-11-08 00:00:00.000,1996-12-06 00:00:00.000,1996-11-15 00:00:00.000,1,8.63,Lander,USA
10350,LAMAI,6,1996-11-11 00:00:00.000,1996-12-09 00:00:00.000,1996-12-03 00:00:00.000,2,64.19,Toulouse,France
10351,ERNSH,1,1996-11-11 00:00:00.000,1996-12-09 00:00:00.000,1996-11-20 00:00:00.000,1,162.33,Graz,Austria
10352,FURIB,3,1996-11-12 00:00:00.000,1996-11-26 00:00:00.000,1996-11-18 00:00:00.000,3,1.3,Lisboa,Portugal
10353,PICCO,7,1996-11-13 00:00:00.000,1996-12-11 00:00:00.000,1996-11-25 00:00:00.000,3,360.63,Salzburg,Austria
10354,PERIC,8,1996-11-14 00:00:00.000,1996-12-12 00:00:00.000,1996-11-20 00:00:00.000,3,53.8,México D.F.,Mexico
10355,AROUT,6,1996-11-15 00:00:00.000,1996-12-13 00:00:00.000,1996-11-20 00:00:00.000,1,41.95,Colchester,UK
10356,WANDK,6,1996-11-18 00:00:00.000,1996-12-16 00:00:00.000,1996-11-27 00:00:00.000,2,36.71,Stuttgart,Germany
10357,LILAS,1,1996-11-19 00:00:00.000,1996-12-17 00:00:00.000,1996-12-02 00:00:00.000,3,34.88,Barquisimeto,Venezuela
10358,LAMAI,5,1996-11-20 00:00:00.000,1996-12-18 00:00:00.000,1996-11-27 00:00:00.000,1,19.64,Toulouse,France
10359,SEVES,5,1996-11-21 00:00:00.000,1996-12-19 00:00:00.000,1996-11-26 00:00:00.000,3,288.43,London,UK
10360,BLONP,4,1996-11-22 00:00:00.000,1996-12-20 00:00:00.000,1996-12-02 00:00:00.000,3,131.7,Strasbourg,France
10361,QUICK,1,1996-11-22 00:00:00.000,1996-12-20 00:00:00.000,1996-12-03 00:00:00.000,2,183.17,Cunewalde,Germany
10362,BONAP,3,1996-11-25 00:00:00.000,1996-12-23 00:00:00.000,1996-11-28 00:00:00.000,1,96.04,Marseille,France
10363,DRACD,4,1996-11-26 00:00:00.000,1996-12-24 00:00:00.000,1996-12-04 00:00:00.000,3,30.54,Aachen,Germany
10364,EASTC,1,1996-11-26 00:00:00.000,1997-01-07 00:00:00.000,1996-12-04 00:00:00.000,1,71.97,London,UK
10365,ANTON,3,1996-11-27 00:00:00.000,1996-12-25 00:00:00.000,1996-12-02 00:00:00.000,2,22.0,México D.F.,Mexico
10366,GALED,8,1996-11-28 00:00:00.000,1997-01-09 00:00:00.000,1996-12-30 00:00:00.000,2,10.14,Barcelona,Spain
10367,VAFFE,7,1996-11-28 00:00:00.000,1996-12-26 00:00:00.000,1996-12-02 00:00:00.000,3,13.55,Århus,Denmark
10368,ERNSH,2,1996-11-29 00:00:00.000,1996-12-27 00:00:00.000,1996-12-02 00:00:00.000,2,101.95,Graz,Austria
10369,SPLIR,8,1996-12-02 00:00:00.000,1996-12-30 00:00:00.000,1996-12-09 00:00:00.000,2,195.68,Lander,USA
10370,CHOPS,6,1996-12-03 00:00:00.000,1996-12-31 00:00:00.000,1996-12-27 00:00:00.000,2,1.17,Bern,Switzerland
10371,LAMAI,1,1996-12-03 00:00:00.000,1996-12-31 00:00:00.000,1996-12-24 00:00:00.000,1,0.45,Toulouse,France
10372,QUEEN,5,1996-12-04 00:00:00.000,1997-01-01 00:00:00.000,1996-12-09 00:00:00.000,2,890.78,Sao Paulo,Brazil
10373,HUNGO,4,1996-12-05 00:00:00.000,1997-01-02 00:00:00.000,1996-12-11 00:00:00.000,3,124.12,Cork,Ireland
10374,WOLZA,1,1996-12-05 00:00:00.000,1997-01-02 00:00:00.000,1996-12-09 00:00:00.000,3,3.94,Warszawa,Poland
10375,HUNGC,3,1996-12-06 00:00:00.000,1997-01-03 00:00:00.000,1996-12-09 00:00:00.000,2,20.12,Elgin,USA
10376,MEREP,1,1996-12-09 00:00:00.000,1997-01-06 00:00:00.000,1996-12-13 00:00:00.000,2,20.39,Montréal,Canada
10377,SEVES,1,1996-12-09 00:00:00.000,1997-01-06 00:00:00.000,1996-12-13 00:00:00.000,3,22.21,London,UK
10378,FOLKO,5,1996-12-10 00:00:00.000,1997-01-07 00:00:00.000,1996-12-19 00:00:00.000,3,5.44,Bräcke,Sweden
10379,QUEDE,2,1996-12-11 00:00:00.000,1997-01-08 00:00:00.000,1996-12-13 00:00:00.000,1,45.03,Rio de Janeiro,Brazil
10380,HUNGO,8,1996-12-12 00:00:00.000,1997-01-09 00:00:00.000,1997-01-16 00:00:00.000,3,35.03,Cork,Ireland
10381,LILAS,3,1996-12-12 00:00:00.000,1997-01-09 00:00:00.000,1996-12-13 00:00:00.000,3,7.99,Barquisimeto,Venezuela
10382,ERNSH,4,1996-12-13 00:00:00.000,1997-01-10 00:00:00.000,1996-12-16 00:00:00.000,1,94.77,Graz,Austria
10383,AROUT,8,1996-12-16 00:00:00.000,1997-01-13 00:00:00.000,1996-12-18 00:00:00.000,3,34.24,Colchester,UK
10384,BERGS,3,1996-12-16 00:00:00.000,1997-01-13 00:00:00.000,1996-12-20 00:00:00.000,3,168.64,Luleå,Sweden
10385,SPLIR,1,1996-12-17 00:00:00.000,1997-01-14 00:00:00.000,1996-12-23 00:00:00.000,2,30.96,Lander,USA
10386,FAMIA,9,1996-12-18 00:00:00.000,1997-01-01 00:00:00.000,1996-12-25 00:00:00.000,3,13.99,Sao Paulo,Brazil
10387,SANTG,1,1996-12-18 00:00:00.000,1997-01-15 00:00:00.000,1996-12-20 00:00:00.000,2,93.63,Stavern,Norway
10388,SEVES,2,1996-12-19 00:00:00.000,1997-01-16 00:00:00.000,1996-12-20 00:00:00.000,1,34.86,London,UK
10389,BOTTM,4,1996-12-20 00:00:00.000,1997-01-17 00:00:00.000,1996-12-24 00:00:00.000,2,47.42,Tsawassen,Canada
10390,ERNSH,6,1996-12-23 00:00:00.000,1997-01-20 00:00:00.000,1996-12-26 00:00:00.000,1,126.38,Graz,Austria
10391,DRACD,3,1996-12-23 00:00:00.000,1997-01-20 00:00:00.000,1996-12-31 00:00:00.000,3,5.45,Aachen,Germany
10392,PICCO,2,1996-12-24 00:00:00.000,1997-01-21 00:00:00.000,1997-01-01 00:00:00.000,3,122.46,Salzburg,Austria
10393,SAVEA,1,1996-12-25 00:00:00.000,1997-01-22 00:00:00.000,1997-01-03 00:00:00.000,3,126.56,Boise,USA
10394,HUNGC,1,1996-12-25 00:00:00.000,1997-01-22 00:00:00.000,1997-01-03 00:00:00.000,3,30.34,Elgin,USA
10395,HILAA,6,1996-12-26 00:00:00.000,1997-01-23 00:00:00.000,1997-01-03 00:00:00.000,1,184.41,San Cristóbal,Venezuela
10396,FRANK,1,1996-12-27 00:00:00.000,1997-01-10 00:00:00.000,1997-01-06 00:00:00.000,3,135.35,München,Germany
10397,PRINI,5,1996-12-27 00:00:00.000,1997-01-24 00:00:00.000,1997-01-02 00:00:00.000,1,60.26,Lisboa,Portugal
10398,SAVEA,2,1996-12-30 00:00:00.000,1997-01-27 00:00:00.000,1997-01-09 00:00:00.000,3,89.16,Boise,USA
10399,VAFFE,8,1996-12-31 00:00:00.000,1997-01-14 00:00:00.000,1997-01-08 00:00:00.000,3,27.36,Århus,Denmark
10400,EASTC,1,1997-01-01 00:00:00.000,1997-01-29 00:00:00.000,1997-01-16 00:00:00.000,3,83.93,London,UK
10401,RATTC,1,1997-01-01 00:00:00.000,1997-01-29 00:00:00.000,1997-01-10 00:00:00.000,1,12.51,Albuquerque,USA
10402,ERNSH,8,1997-01-02 00:00:00.000,1997-02-13 00:00:00.000,1997-01-10 00:00:00.000,2,67.88,Graz,Austria
10403,ERNSH,4,1997-01-03 00:00:00.000,1997-01-31 00:00:00.000,1997-01-09 00:00:00.000,3,73.79,Graz,Austria
10404,MAGAA,2,1997-01-03 00:00:00.000,1997-01-31 00:00:00.000,1997-01-08 00:00:00.000,1,155.97,Bergamo,Italy
10405,LINOD,1,1997-01-06 00:00:00.000,1997-02-03 00:00:00.000,1997-01-22 00:00:00.000,1,34.82,I. de Margarita,Venezuela
10406,QUEEN,7,1997-01-07 00:00:00.000,1997-02-18 00:00:00.000,1997-01-13 00:00:00.000,1,108.04,Sao Paulo,Brazil
10407,OTTIK,2,1997-01-07 00:00:00.000,1997-02-04 00:00:00.000,1997-01-30 00:00:00.000,2,91.48,Köln,Germany
10408,FOLIG,8,1997-01-08 00:00:00.000,1997-02-05 00:00:00.000,1997-01-14 00:00:00.000,1,11.26,Lille,France
10409,OCEAN,3,1997-01-09 00:00:00.000,1997-02-06 00:00:00.000,1997-01-14 00:00:00.000,1,29.83,Buenos Aires,Argentina
10410,BOTTM,3,1997-01-10 00:00:00.000,1997-02-07 00:00:00.000,1997-01-15 00:00:00.000,3,2.4,Tsawassen,Canada
10411,BOTTM,9,1997-01-10 00:00:00.000,1997-02-07 00:00:00.000,1997-01-21 00:00:00.000,3,23.65,Tsawassen,Canada
10412,WARTH,8,1997-01-13 00:00:00.000,1997-02-10 00:00:00.000,1997-01-15 00:00:00.000,2,3.77,Oulu,Finland
10413,LAMAI,3,1997-01-14 00:00:00.000,1997-02-11 00:00:00.000,1997-01-16 00:00:00.000,2,95.66,Toulouse,France
10414,FAMIA,2,1997-01-14 00:00:00.000,1997-02-11 00:00:00.000,1997-01-17 00:00:00.000,3,21.48,Sao Paulo,Brazil
10415,HUNGC,3,1997-01-15 00:00:00.000,1997-02-12 00:00:00.000,1997-01-24 00:00:00.000,1,0.2,Elgin,USA
10416,WARTH,8,1997-01-16 00:00:00.000,1997-02-13 00:00:00.000,1997-01-27 00:00:00.000,3,22.72,Oulu,Finland
10417,SIMOB,4,1997-01-16 00:00:00.000,1997-02-13 00:00:00.000,1997-01-28 00:00:00.000,3,70.29,Kobenhavn,Denmark
10418,QUICK,4,1997-01-17 00:00:00.000,1997-02-14 00:00:00.000,1997-01-24 00:00:00.000,1,17.55,Cunewalde,Germany
10419,RICSU,4,1997-01-20 00:00:00.000,1997-02-17 00:00:00.000,1997-01-30 00:00:00.000,2,137.35,Genève,Switzerland
10420,WELLI,3,1997-01-21 00:00:00.000,1997-02-18 00:00:00.000,1997-01-27 00:00:00.000,1,44.12,Resende,Brazil
10421,QUEDE,8,1997-01-21 00:00:00.000,1997-03-04 00:00:00.000,1997-01-27 00:00:00.000,1,99.23,Rio de Janeiro,Brazil
10422,FRANS,2,1997-01-22 00:00:00.000,1997-02-19 00:00:00.000,1997-01-31 00:00:00.000,1,3.02,Torino,Italy
10423,GOURL,6,1997-01-23 00:00:00.000,1997-02-06 00:00:00.000,1997-02-24 00:00:00.000,3,24.5,Campinas,Brazil
10424,MEREP,7,1997-01-23 00:00:00.000,1997-02-20 00:00:00.000,1997-01-27 00:00:00.000,2,370.61,Montréal,Canada
10425,LAMAI,6,1997-01-24 00:00:00.000,1997-02-21 00:00:00.000,1997-02-14 00:00:00.000,2,7.93,Toulouse,France
10426,GALED,4,1997-01-27 00:00:00.000,1997-02-24 00:00:00.000,1997-02-06 00:00:00.000,1,18.69,Barcelona,Spain
10427,PICCO,4,1997-01-27 00:00:00.000,1997-02-24 00:00:00.000,1997-03-03 00:00:00.000,2,31.29,Salzburg,Austria
10428,REGGC,7,1997-01-28 00:00:00.000,1997-02-25 00:00:00.000,1997-02-04 00:00:00.000,1,11.09,Reggio Emilia,Italy
10429,HUNGO,3,1997-01-29 00:00:00.000,1997-03-12 00:00:00.000,1997-02-07 00:00:00.000,2,56.63,Cork,Ireland
10430,ERNSH,4,1997-01-30 00:00:00.000,1997-02-13 00:00:00.000,1997-02-03 00:00:00.000,1,458.78,Graz,Austria
10431,BOTTM,4,1997-01-30 00:00:00.000,1997-02-13 00:00:00.000,1997-02-07 00:00:00.000,2,44.17,Tsawassen,Canada
10432,SPLIR,3,1997-01-31 00:00:00.000,1997-02-14 00:00:00.000,1997-02-07 00:00:00.000,2,4.34,Lander,USA
10433,PRINI,3,1997-02-03 00:00:00.000,1997-03-03 00:00:00.000,1997-03-04 00:00:00.000,3,73.83,Lisboa,Portugal
10434,FOLKO,3,1997-02-03 00:00:00.000,1997-03-03 00:00:00.000,1997-02-13 00:00:00.000,2,17.92,Bräcke,Sweden
10435,CONSH,8,1997-02-04 00:00:00.000,1997-03-18 00:00:00.000,1997-02-07 00:00:00.000,2,9.21,London,UK
10436,BLONP,3,1997-02-05 00:00:00.000,1997-03-05 00:00:00.000,1997-02-11 00:00:00.000,2,156.66,Strasbourg,France
10437,WARTH,8,1997-02-05 00:00:00.000,1997-03-05 00:00:00.000,1997-02-12 00:00:00.000,1,19.97,Oulu,Finland
10438,TOMSP,3,1997-02-06 00:00:00.000,1997-03-06 00:00:00.000,1997-02-14 00:00:00.000,2,8.24,Münster,Germany
10439,MEREP,6,1997-02-07 00:00:00.000,1997-03-07 00:00:00.000,1997-02-10 00:00:00.000,3,4.07,Montréal,Canada
10440,SAVEA,4,1997-02-10 00:00:00.000,1997-03-10 00:00:00.000,1997-02-28 00:00:00.000,2,86.53,Boise,USA
10441,OLDWO,3,1997-02-10 00:00:00.000,1997-03-24 00:00:00.000,1997-03-14 00:00:00.000,2,73.02,Anchorage,USA
10442,ERNSH,3,1997-02-11 00:00:00.000,1997-03-11 00:00:00.000,1997-02-18 00:00:00.000,2,47.94,Graz,Austria
10443,REGGC,8,1997-02-12 00:00:00.000,1997-03-12 00:00:00.000,1997-02-14 00:00:00.000,1,13.95,Reggio Emilia,Italy
10444,BERGS,3,1997-02-12 00:00:00.000,1997-03-12 00:00:00.000,1997-02-21 00:00:00.000,3,3.5,Luleå,Sweden
10445,BERGS,3,1997-02-13 00:00:00.000,1997-03-13 00:00:00.000,1997-02-20 00:00:00.000,1,9.3,Luleå,Sweden
10446,TOMSP,6,1997-02-14 00:00:00.000,1997-03-14 00:00:00.000,1997-02-19 00:00:00.000,1,14.68,Münster,Germany
10447,RICAR,4,1997-02-14 00:00:00.000,1997-03-14 00:00:00.000,1997-03-07 00:00:00.000,2,68.66,Rio de Janeiro,Brazil
10448,RANCH,4,1997-02-17 00:00:00.000,1997-03-17 00:00:00.000,1997-02-24 00:00:00.000,2,38.82,Buenos Aires,Argentina
10449,BLONP,3,1997-02-18 00:00:00.000,1997-03-18 00:00:00.000,1997-02-27 00:00:00.000,2,53.3,Strasbourg,France
10450,VICTE,8,1997-02-19 00:00:00.000,1997-03-19 00:00:00.000,1997-03-11 00:00:00.000,2,7.23,Lyon,France
10451,QUICK,4,1997-02-19 00:00:00.000,1997-03-05 00:00:00.000,1997-03-12 00:00:00.000,3,189.09,Cunewalde,Germany
10452,SAVEA,8,1997-02-20 00:00:00.000,1997-03-20 00:00:00.000,1997-02-26 00:00:00.000,1,140.26,Boise,USA
10453,AROUT,1,1997-02-21 00:00:00.000,1997-03-21 00:00:00.000,1997-02-26 00:00:00.000,2,25.36,Colchester,UK
10454,LAMAI,4,1997-02-21 00:00:00.000,1997-03-21 00:00:00.000,1997-02-25 00:00:00.000,3,2.74,Toulouse,France
10455,WARTH,8,1997-02-24 00:00:00.000,1997-04-07 00:00:00.000,1997-03-03 00:00:00.000,2,180.45,Oulu,Finland
10456,KOENE,8,1997-02-25 00:00:00.000,1997-04-08 00:00:00.000,1997-02-28 00:00:00.000,2,8.12,Brandenburg,Germany
10457,KOENE,2,1997-02-25 00:00:00.000,1997-03-25 00:00:00.000,1997-03-03 00:00:00.000,1,11.57,Brandenburg,Germany
10458,SUPRD,7,1997-02-26 00:00:00.000,1997-03-26 00:00:00.000,1997-03-04 00:00:00.000,3,147.06,Charleroi,Belgium
10459,VICTE,4,1997-02-27 00:00:00.000,1997-03-27 00:00:00.000,1997-02-28 00:00:00.000,2,25.09,Lyon,France
10460,FOLKO,8,1997-02-28 00:00:00.000,1997-03-28 00:00:00.000,1997-03-03 00:00:00.000,1,16.27,Bräcke,Sweden
10461,LILAS,1,1997-02-28 00:00:00.000,1997-03-28 00:00:00.000,1997-03-05 00:00:00.000,3,148.61,Barquisimeto,Venezuela
10462,CONSH,2,1997-03-03 00:00:00.000,1997-03-31 00:00:00.000,1997-03-18 00:00:00.000,1,6.17,London,UK
10463,SUPRD,5,1997-03-04 00:00:00.000,1997-04-01 00:00:00.000,1997-03-06 00:00:00.000,3,14.78,Charleroi,Belgium
10464,FURIB,4,1997-03-04 00:00:00.000,1997-04-01 00:00:00.000,1997-03-14 00:00:00.000,2,89.0,Lisboa,Portugal
10465,VAFFE,1,1997-03-05 00:00:00.000,1997-04-02 00:00:00.000,1997-03-14 00:00:00.000,3,145.04,Århus,Denmark
10466,COMMI,4,1997-03-06 00:00:00.000,1997-04-03 00:00:00.000,1997-03-13 00:00:00.000,1,11.93,Sao Paulo,Brazil
10467,MAGAA,8,1997-03-06 00:00:00.000,1997-04-03 00:00:00.000,1997-03-11 00:00:00.000,2,4.93,Bergamo,Italy
10468,KOENE,3,1997-03-07 00:00:00.000,1997-04-04 00:00:00.000,1997-03-12 00:00:00.000,3,44.12,Brandenburg,Germany
10469,WHITC,1,1997-03-10 00:00:00.000,1997-04-07 00:00:00.000,1997-03-14 00:00:00.000,1,60.18,Seattle,USA
10470,BONAP,4,1997-03-11 00:00:00.000,1997-04-08 00:00:00.000,1997-03-14 00:00:00.000,2,64.56,Marseille,France
10471,BSBEV,2,1997-03-11 00:00:00.000,1997-04-08 00:00:00.000,1997-03-18 00:00:00.000,3,45.59,London,UK
10472,SEVES,8,1997-03-12 00:00:00.000,1997-04-09 00:00:00.000,1997-03-19 00:00:00.000,1,4.2,London,UK
10473,ISLAT,1,1997-03-13 00:00:00.000,1997-03-27 00:00:00.000,1997-03-21 00:00:00.000,3,16.37,Cowes,UK
10474,PERIC,5,1997-03-13 00:00:00.000,1997-04-10 00:00:00.000,1997-03-21 00:00:00.000,2,83.49,México D.F.,Mexico
10475,SUPRD,9,1997-03-14 00:00:00.000,1997-04-11 00:00:00.000,1997-04-04 00:00:00.000,1,68.52,Charleroi,Belgium
10476,HILAA,8,1997-03-17 00:00:00.000,1997-04-14 00:00:00.000,1997-03-24 00:00:00.000,3,4.41,San Cristóbal,Venezuela
10477,PRINI,5,1997-03-17 00:00:00.000,1997-04-14 00:00:00.000,1997-03-25 00:00:00.000,2,13.02,Lisboa,Portugal
10478,VICTE,2,1997-03-18 00:00:00.000,1997-04-01 00:00:00.000,1997-03-26 00:00:00.000,3,4.81,Lyon,France
10479,RATTC,3,1997-03-19 00:00:00.000,1997-04-16 00:00:00.000,1997-03-21 00:00:00.000,3,708.95,Albuquerque,USA
10480,FOLIG,6,1997-03-20 00:00:00.000,1997-04-17 00:00:00.000,1997-03-24 00:00:00.000,2,1.35,Lille,France
10481,RICAR,8,1997-03-20 00:00:00.000,1997-04-17 00:00:00.000,1997-03-25 00:00:00.000,2,64.33,Rio de Janeiro,Brazil
10482,LAZYK,1,1997-03-21 00:00:00.000,1997-04-18 00:00:00.000,1997-04-10 00:00:00.000,3,7.48,Walla Walla,USA
10483,WHITC,7,1997-03-24 00:00:00.000,1997-04-21 00:00:00.000,1997-04-25 00:00:00.000,2,15.28,Seattle,USA
10484,BSBEV,3,1997-03-24 00:00:00.000,1997-04-21 00:00:00.000,1997-04-01 00:00:00.000,3,6.88,London,UK
10485,LINOD,4,1997-03-25 00:00:00.000,1997-04-08 00:00:00.000,1997-03-31 00:00:00.000,2,64.45,I. de Margarita,Venezuela
10486,HILAA,1,1997-03-26 00:00:00.000,1997-04-23 00:00:00.000,1997-04-02 00:00:00.000,2,30.53,San Cristóbal,Venezuela
10487,QUEEN,2,1997-03-26 00:00:00.000,1997-04-23 00:00:00.000,1997-03-28 00:00:00.000,2,71.07,Sao Paulo,Brazil
10488,FRANK,8,1997-03-27 00:00:00.000,1997-04-24 00:00:00.000,1997-04-02 00:00:00.000,2,4.93,München,Germany
10489,PICCO,6,1997-03-28 00:00:00.000,1997-04-25 00:00:00.000,1997-04-09 00:00:00.000,2,5.29,Salzburg,Austria
10490,HILAA,7,1997-03-31 00:00:00.000,1997-04-28 00:00:00.000,1997-04-03 00:00:00.000,2,210.19,San Cristóbal,Venezuela
10491,FURIB,8,1997-03-31 00:00:00.000,1997-04-28 00:00:00.000,1997-04-08 00:00:00.000,3,16.96,Lisboa,Portugal
10492,BOTTM,3,1997-04-01 00:00:00.000,1997-04-29 00:00:00.000,1997-04-11 00:00:00.000,1,62.89,Tsawassen,Canada
10493,LAMAI,4,1997-04-02 00:00:00.000,1997-04-30 00:00:00.000,1997-04-10 00:00:00.000,3,10.64,Toulouse,France
10494,COMMI,4,1997-04-02 00:00:00.000,1997-04-30 00:00:00.000,1997-04-09 00:00:00.000,2,65.99,Sao Paulo,Brazil
10495,LAUGB,3,1997-04-03 00:00:00.000,1997-05-01 00:00:00.000,1997-04-11 00:00:00.000,3,4.65,Vancouver,Canada
10496,TRADH,7,1997-04-04 00:00:00.000,1997-05-02 00:00:00.000,1997-04-07 00:00:00.000,2,46.77,Sao Paulo,Brazil
10497,LEHMS,7,1997-04-04 00:00:00.000,1997-05-02 00:00:00.000,1997-04-07 00:00:00.000,1,36.21,Frankfurt a.M.,Germany
10498,HILAA,8,1997-04-07 00:00:00.000,1997-05-05 00:00:00.000,1997-04-11 00:00:00.000,2,29.75,San Cristóbal,Venezuela
10499,LILAS,4,1997-04-08 00:00:00.000,1997-05-06 00:00:00.000,1997-04-16 00:00:00.000,2,102.02,Barquisimeto,Venezuela
10500,LAMAI,6,1997-04-09 00:00:00.000,1997-05-07 00:00:00.000,1997-04-17 00:00:00.000,1,42.68,Toulouse,France
10501,BLAUS,9,1997-04-09 00:00:00.000,1997-05-07 00:00:00.000,1997-04-16 00:00:00.000,3,8.85,Mannheim,Germany
10502,PERIC,2,1997-04-10 00:00:00.000,1997-05-08 00:00:00.000,1997-04-29 00:00:00.000,1,69.32,México D.F.,Mexico
10503,HUNGO,6,1997-04-11 00:00:00.000,1997-05-09 00:00:00.000,1997-04-16 00:00:00.000,2,16.74,Cork,Ireland
10504,WHITC,4,1997-04-11 00:00:00.000,1997-05-09 00:00:00.000,1997-04-18 00:00:00.000,3,59.13,Seattle,USA
10505,MEREP,3,1997-04-14 00:00:00.000,1997-05-12 00:00:00.000,1997-04-21 00:00:00.000,3,7.13,Montréal,Canada
10506,KOENE,9,1997-04-15 00:00:00.000,1997-05-13 00:00:00.000,1997-05-02 00:00:00.000,2,21.19,Brandenburg,Germany
10507,ANTON,7,1997-04-15 00:00:00.000,1997-05-13 00:00:00.000,1997-04-22 00:00:00.000,1,47.45,México D.F.,Mexico
10508,OTTIK,1,1997-04-16 00:00:00.000,1997-05-14 00:00:00.000,1997-05-13 00:00:00.000,2,4.99,Köln,Germany
10509,BLAUS,4,1997-04-17 00:00:00.000,1997-05-15 00:00:00.000,1997-04-29 00:00:00.000,1,0.15,Mannheim,Germany
10510,SAVEA,6,1997-04-18 00:00:00.000,1997-05-16 00:00:00.000,1997-04-28 00:00:00.000,3,367.63,Boise,USA
10511,BONAP,4,1997-04-18 00:00:00.000,1997-05-16 00:00:00.000,1997-04-21 00:00:00.000,3,350.64,Marseille,France
10512,FAMIA,7,1997-04-21 00:00:00.000,1997-05-19 00:00:00.000,1997-04-24 00:00:00.000,2,3.53,Sao Paulo,Brazil
10513,WANDK,7,1997-04-22 00:00:00.000,1997-06-03 00:00:00.000,1997-04-28 00:00:00.000,1,105.65,Stuttgart,Germany
10514,ERNSH,3,1997-04-22 00:00:00.000,1997-05-20 00:00:00.000,1997-05-16 00:00:00.000,2,789.95,Graz,Austria
10515,QUICK,2,1997-04-23 00:00:00.000,1997-05-07 00:00:00.000,1997-05-23 00:00:00.000,1,204.47,Cunewalde,Germany
10516,HUNGO,2,1997-04-24 00:00:00.000,1997-05-22 00:00:00.000,1997-05-01 00:00:00.000,3,62.78,Cork,Ireland
10517,NORTS,3,1997-04-24 00:00:00.000,1997-05-22 00:00:00.000,1997-04-29 00:00:00.000,3,32.07,London,UK
10518,TORTU,4,1997-04-25 00:00:00.000,1997-05-09 00:00:00.000,1997-05-05 00:00:00.000,2,218.15,México D.F.,Mexico
10519,CHOPS,6,1997-04-28 00:00:00.000,1997-05-26 00:00:00.000,1997-05-01 00:00:00.000,3,91.76,Bern,Switzerland
10520,SANTG,7,1997-04-29 00:00:00.000,1997-05-27 00:00:00.000,1997-05-01 00:00:00.000,1,13.37,Stavern,Norway
10521,CACTU,8,1997-04-29 00:00:00.000,1997-05-27 00:00:00.000,1997-05-02 00:00:00.000,2,17.22,Buenos Aires,Argentina
10522,LEHMS,4,1997-04-30 00:00:00.000,1997-05-28 00:00:00.000,1997-05-06 00:00:00.000,1,45.33,Frankfurt a.M.,Germany
10523,SEVES,7,1997-05-01 00:00:00.000,1997-05-29 00:00:00.000,1997-05-30 00:00:00.000,2,77.63,London,UK
10524,BERGS,1,1997-05-01 00:00:00.000,1997-05-29 00:00:00.000,1997-05-07 00:00:00.000,2,244.79,Luleå,Sweden
10525,BONAP,1,1997-05-02 00:00:00.000,1997-05-30 00:00:00.000,1997-05-23 00:00:00.000,2,11.06,Marseille,France
10526,WARTH,4,1997-05-05 00:00:00.000,1997-06-02 00:00:00.000,1997-05-15 00:00:00.000,2,58.59,Oulu,Finland
10527,QUICK,7,1997-05-05 00:00:00.000,1997-06-02 00:00:00.000,1997-05-07 00:00:00.000,1,41.9,Cunewalde,Germany
10528,GREAL,6,1997-05-06 00:00:00.000,1997-05-20 00:00:00.000,1997-05-09 00:00:00.000,2,3.35,Eugene,USA
10529,MAISD,5,1997-05-07 00:00:00.000,1997-06-04 00:00:00.000,1997-05-09 00:00:00.000,2,66.69,Bruxelles,Belgium
10530,PICCO,3,1997-05-08 00:00:00.000,1997-06-05 00:00:00.000,1997-05-12 00:00:00.000,2,339.22,Salzburg,Austria
10531,OCEAN,7,1997-05-08 00:00:00.000,1997-06-05 00:00:00.000,1997-05-19 00:00:00.000,1,8.12,Buenos Aires,Argentina
10532,EASTC,7,1997-05-09 00:00:00.000,1997-06-06 00:00:00.000,1997-05-12 00:00:00.000,3,74.46,London,UK
10533,FOLKO,8,1997-05-12 00:00:00.000,1997-06-09 00:00:00.000,1997-05-22 00:00:00.000,1,188.04,Bräcke,Sweden
10534,LEHMS,8,1997-05-12 00:00:00.000,1997-06-09 00:00:00.000,1997-05-14 00:00:00.000,2,27.94,Frankfurt a.M.,Germany
10535,ANTON,4,1997-05-13 00:00:00.000,1997-06-10 00:00:00.000,1997-05-21 00:00:00.000,1,15.64,México D.F.,Mexico
10536,LEHMS,3,1997-05-14 00:00:00.000,1997-06-11 00:00:00.000,1997-06-06 00:00:00.000,2,58.88,Frankfurt a.M.,Germany
10537,RICSU,1,1997-05-14 00:00:00.000,1997-05-28 00:00:00.000,1997-05-19 00:00:00.000,1,78.85,Genève,Switzerland
10538,BSBEV,9,1997-05-15 00:00:00.000,1997-06-12 00:00:00.000,1997-05-16 00:00:00.000,3,4.87,London,UK
10539,BSBEV,6,1997-05-16 00:00:00.000,1997-06-13 00:00:00.000,1997-05-23 00:00:00.000,3,12.36,London,UK
10540,QUICK,3,1997-05-19 00:00:00.000,1997-06-16 00:00:00.000,1997-06-13 00:00:00.000,3,1007.64,Cunewalde,Germany
10541,HANAR,2,1997-05-19 00:00:00.000,1997-06-16 00:00:00.000,1997-05-29 00:00:00.000,1,68.65,Rio de Janeiro,Brazil
10542,KOENE,1,1997-05-20 00:00:00.000,1997-06-17 00:00:00.000,1997-05-26 00:00:00.000,3,10.95,Brandenburg,Germany
10543,LILAS,8,1997-05-21 00:00:00.000,1997-06-18 00:00:00.000,1997-05-23 00:00:00.000,2,48.17,Barquisimeto,Venezuela
10544,LONEP,4,1997-05-21 00:00:00.000,1997-06-18 00:00:00.000,1997-05-30 00:00:00.000,1,24.91,Portland,USA
10545,LAZYK,8,1997-05-22 00:00:00.000,1997-06-19 00:00:00.000,1997-06-26 00:00:00.000,2,11.92,Walla Walla,USA
10546,VICTE,1,1997-05-23 00:00:00.000,1997-06-20 00:00:00.000,1997-05-27 00:00:00.000,3,194.72,Lyon,France
10547,SEVES,3,1997-05-23 00:00:00.000,1997-06-20 00:00:00.000,1997-06-02 00:00:00.000,2,178.43,London,UK
10548,TOMSP,3,1997-05-26 00:00:00.000,1997-06-23 00:00:00.000,1997-06-02 00:00:00.000,2,1.43,Münster,Germany
10549,QUICK,5,1997-05-27 00:00:00.000,1997-06-10 00:00:00.000,1997-05-30 00:00:00.000,1,171.24,Cunewalde,Germany
10550,GODOS,7,1997-05-28 00:00:00.000,1997-06-25 00:00:00.000,1997-06-06 00:00:00.000,3,4.32,Sevilla,Spain
10551,FURIB,4,1997-05-28 00:00:00.000,1997-07-09 00:00:00.000,1997-06-06 00:00:00.000,3,72.95,Lisboa,Portugal
10552,HILAA,2,1997-05-29 00:00:00.000,1997-06-26 00:00:00.000,1997-06-05 00:00:00.000,1,83.22,San Cristóbal,Venezuela
10553,WARTH,2,1997-05-30 00:00:00.000,1997-06-27 00:00:00.000,1997-06-03 00:00:00.000,2,149.49,Oulu,Finland
10554,OTTIK,4,1997-05-30 00:00:00.000,1997-06-27 00:00:00.000,1997-06-05 00:00:00.000,3,120.97,Köln,Germany
10555,SAVEA,6,1997-06-02 00:00:00.000,1997-06-30 00:00:00.000,1997-06-04 00:00:00.000,3,252.49,Boise,USA
10556,SIMOB,2,1997-06-03 00:00:00.000,1997-07-15 00:00:00.000,1997-06-13 00:00:00.000,1,9.8,Kobenhavn,Denmark
10557,LEHMS,9,1997-06-03 00:00:00.000,1997-06-17 00:00:00.000,1997-06-06 00:00:00.000,2,96.72,Frankfurt a.M.,Germany
10558,AROUT,1,1997-06-04 00:00:00.000,1997-07-02 00:00:00.000,1997-06-10 00:00:00.000,2,72.97,Colchester,UK
10559,BLONP,6,1997-06-05 00:00:00.000,1997-07-03 00:00:00.000,1997-06-13 00:00:00.000,1,8.05,Strasbourg,France
10560,FRANK,8,1997-06-06 00:00:00.000,1997-07-04 00:00:00.000,1997-06-09 00:00:00.000,1,36.65,München,Germany
10561,FOLKO,2,1997-06-06 00:00:00.000,1997-07-04 00:00:00.000,1997-06-09 00:00:00.000,2,242.21,Bräcke,Sweden
10562,REGGC,1,1997-06-09 00:00:00.000,1997-07-07 00:00:00.000,1997-06-12 00:00:00.000,1,22.95,Reggio Emilia,Italy
10563,RICAR,2,1997-06-10 00:00:00.000,1997-07-22 00:00:00.000,1997-06-24 00:00:00.000,2,60.43,Rio de Janeiro,Brazil
10564,RATTC,4,1997-06-10 00:00:00.000,1997-07-08 00:00:00.000,1997-06-16 00:00:00.000,3,13.75,Albuquerque,USA
10565,MEREP,8,1997-06-11 00:00:00.000,1997-07-09 00:00:00.000,1997-06-18 00:00:00.000,2,7.15,Montréal,Canada
10566,BLONP,9,1997-06-12 00:00:00.000,1997-07-10 00:00:00.000,1997-06-18 00:00:00.000,1,88.4,Strasbourg,France
10567,HUNGO,1,1997-06-12 00:00:00.000,1997-07-10 00:00:00.000,1997-06-17 00:00:00.000,1,33.97,Cork,Ireland
10568,GALED,3,1997-06-13 00:00:00.000,1997-07-11 00:00:00.000,1997-07-09 00:00:00.000,3,6.54,Barcelona,Spain
10569,RATTC,5,1997-06-16 00:00:00.000,1997-07-14 00:00:00.000,1997-07-11 00:00:00.000,1,58.98,Albuquerque,USA
10570,MEREP,3,1997-06-17 00:00:00.000,1997-07-15 00:00:00.000,1997-06-19 00:00:00.000,3,188.99,Montréal,Canada
10571,ERNSH,8,1997-06-17 00:00:00.000,1997-07-29 00:00:00.000,1997-07-04 00:00:00.000,3,26.06,Graz,Austria
10572,BERGS,3,1997-06-18 00:00:00.000,1997-07-16 00:00:00.000,1997-06-25 00:00:00.000,2,116.43,Luleå,Sweden
10573,ANTON,7,1997-06-19 00:00:00.000,1997-07-17 00:00:00.000,1997-06-20 00:00:00.000,3,84.84,México D.F.,Mexico
10574,TRAIH,4,1997-06-19 00:00:00.000,1997-07-17 00:00:00.000,1997-06-30 00:00:00.000,2,37.6,Kirkland,USA
10575,MORGK,5,1997-06-20 00:00:00.000,1997-07-04 00:00:00.000,1997-06-30 00:00:00.000,1,127.34,Leipzig,Germany
10576,TORTU,3,1997-06-23 00:00:00.000,1997-07-07 00:00:00.000,1997-06-30 00:00:00.000,3,18.56,México D.F.,Mexico
10577,TRAIH,9,1997-06-23 00:00:00.000,1997-08-04 00:00:00.000,1997-06-30 00:00:00.000,2,25.41,Kirkland,USA
10578,BSBEV,4,1997-06-24 00:00:00.000,1997-07-22 00:00:00.000,1997-07-25 00:00:00.000,3,29.6,London,UK
10579,LETSS,1,1997-06-25 00:00:00.000,1997-07-23 00:00:00.000,1997-07-04 00:00:00.000,2,13.73,San Francisco,USA
10580,OTTIK,4,1997-06-26 00:00:00.000,1997-07-24 00:00:00.000,1997-07-01 00:00:00.000,3,75.89,Köln,Germany
10581,FAMIA,3,1997-06-26 00:00:00.000,1997-07-24 00:00:00.000,1997-07-02 00:00:00.000,1,3.01,Sao Paulo,Brazil
10582,BLAUS,3,1997-06-27 00:00:00.000,1997-07-25 00:00:00.000,1997-07-14 00:00:00.000,2,27.71,Mannheim,Germany
10583,WARTH,2,1997-06-30 00:00:00.000,1997-07-28 00:00:00.000,1997-07-04 00:00:00.000,2,7.28,Oulu,Finland
10584,BLONP,4,1997-06-30 00:00:00.000,1997-07-28 00:00:00.000,1997-07-04 00:00:00.000,1,59.14,Strasbourg,France
10585,WELLI,7,1997-07-01 00:00:00.000,1997-07-29 00:00:00.000,1997-07-10 00:00:00.000,1,13.41,Resende,Brazil
10586,REGGC,9,1997-07-02 00:00:00.000,1997-07-30 00:00:00.000,1997-07-09 00:00:00.000,1,0.48,Reggio Emilia,Italy
10587,QUEDE,1,1997-07-02 00:00:00.000,1997-07-30 00:00:00.000,1997-07-09 00:00:00.000,1,62.52,Rio de Janeiro,Brazil
10588,QUICK,2,1997-07-03 00:00:00.000,1997-07-31 00:00:00.000,1997-07-10 00:00:00.000,3,194.67,Cunewalde,Germany
10589,GREAL,8,1997-07-04 00:00:00.000,1997-08-01 00:00:00.000,1997-07-14 00:00:00.000,2,4.42,Eugene,USA
10590,MEREP,4,1997-07-07 00:00:00.000,1997-08-04 00:00:00.000,1997-07-14 00:00:00.000,3,44.77,Montréal,Canada
10591,VAFFE,1,1997-07-07 00:00:00.000,1997-07-21 00:00:00.000,1997-07-16 00:00:00.000,1,55.92,Århus,Denmark
10592,LEHMS,3,1997-07-08 00:00:00.000,1997-08-05 00:00:00.000,1997-07-16 00:00:00.000,1,32.1,Frankfurt a.M.,Germany
10593,LEHMS,7,1997-07-09 00:00:00.000,1997-08-06 00:00:00.000,1997-08-13 00:00:00.000,2,174.2,Frankfurt a.M.,Germany
10594,OLDWO,3,1997-07-09 00:00:00.000,1997-08-06 00:00:00.000,1997-07-16 00:00:00.000,2,5.24,Anchorage,USA
10595,ERNSH,2,1997-07-10 00:00:00.000,1997-08-07 00:00:00.000,1997-07-14 00:00:00.000,1,96.78,Graz,Austria
10596,WHITC,8,1997-07-11 00:00:00.000,1997-08-08 00:00:00.000,1997-08-12 00:00:00.000,1,16.34,Seattle,USA
10597,PICCO,7,1997-07-11 00:00:00.000,1997-08-08 00:00:00.000,1997-07-18 00:00:00.000,3,35.12,Salzburg,Austria
10598,RATTC,1,1997-07-14 00:00:00.000,1997-08-11 00:00:00.000,1997-07-18 00:00:00.000,3,44.42,Albuquerque,USA
10599,BSBEV,6,1997-07-15 00:00:00.000,1997-08-26 00:00:00.000,1997-07-21 00:00:00.000,3,29.98,London,UK
10600,HUNGC,4,1997-07-16 00:00:00.000,1997-08-13 00:00:00.000,1997-07-21 00:00:00.000,1,45.13,Elgin,USA
10601,HILAA,7,1997-07-16 00:00:00.000,1997-08-27 00:00:00.000,1997-07-22 00:00:00.000,1,58.3,San Cristóbal,Venezuela
10602,VAFFE,8,1997-07-17 00:00:00.000,1997-08-14 00:00:00.000,1997-07-22 00:00:00.000,2,2.92,Århus,Denmark
10603,SAVEA,8,1997-07-18 00:00:00.000,1997-08-15 00:00:00.000,1997-08-08 00:00:00.000,2,48.77,Boise,USA
10604,FURIB,1,1997-07-18 00:00:00.000,1997-08-15 00:00:00.000,1997-07-29 00:00:00.000,1,7.46,Lisboa,Portugal
10605,MEREP,1,1997-07-21 00:00:00.000,1997-08-18 00:00:00.000,1997-07-29 00:00:00.000,2,379.13,Montréal,Canada
10606,TRADH,4,1997-07-22 00:00:00.000,1997-08-19 00:00:00.000,1997-07-31 00:00:00.000,3,79.4,Sao Paulo,Brazil
10607,SAVEA,5,1997-07-22 00:00:00.000,1997-08-19 00:00:00.000,1997-07-25 00:00:00.000,1,200.24,Boise,USA
10608,TOMSP,4,1997-07-23 00:00:00.000,1997-08-20 00:00:00.000,1997-08-01 00:00:00.000,2,27.79,Münster,Germany
10609,DUMON,7,1997-07-24 00:00:00.000,1997-08-21 00:00:00.000,1997-07-30 00:00:00.000,2,1.85,Nantes,France
10610,LAMAI,8,1997-07-25 00:00:00.000,1997-08-22 00:00:00.000,1997-08-06 00:00:00.000,1,26.78,Toulouse,France
10611,WOLZA,6,1997-07-25 00:00:00.000,1997-08-22 00:00:00.000,1997-08-01 00:00:00.000,2,80.65,Warszawa,Poland
10612,SAVEA,1,1997-07-28 00:00:00.000,1997-08-25 00:00:00.000,1997-08-01 00:00:00.000,2,544.08,Boise,USA
10613,HILAA,4,1997-07-29 00:00:00.000,1997-08-26 00:00:00.000,1997-08-01 00:00:00.000,2,8.11,San Cristóbal,Venezuela
10614,BLAUS,8,1997-07-29 00:00:00.000,1997-08-26 00:00:00.000,1997-08-01 00:00:00.000,3,1.93,Mannheim,Germany
10615,WILMK,2,1997-07-30 00:00:00.000,1997-08-27 00:00:00.000,1997-08-06 00:00:00.000,3,0.75,Helsinki,Finland
10616,GREAL,1,1997-07-31 00:00:00.000,1997-08-28 00:00:00.000,1997-08-05 00:00:00.000,2,116.53,Eugene,USA
10617,GREAL,4,1997-07-31 00:00:00.000,1997-08-28 00:00:00.000,1997-08-04 00:00:00.000,2,18.53,Eugene,USA
10618,MEREP,1,1997-08-01 00:00:00.000,1997-09-12 00:00:00.000,1997-08-08 00:00:00.000,1,154.68,Montréal,Canada
10619,MEREP,3,1997-08-04 00:00:00.000,1997-09-01 00:00:00.000,1997-08-07 00:00:00.000,3,91.05,Montréal,Canada
10620,LAUGB,2,1997-08-05 00:00:00.000,1997-09-02 00:00:00.000,1997-08-14 00:00:00.000,3,0.94,Vancouver,Canada
10621,ISLAT,4,1997-08-05 00:00:00.000,1997-09-02 00:00:00.000,1997-08-11 00:00:00.000,2,23.73,Cowes,UK
10622,RICAR,4,1997-08-06 00:00:00.000,1997-09-03 00:00:00.000,1997-08-11 00:00:00.000,3,50.97,Rio de Janeiro,Brazil
10623,FRANK,8,1997-08-07 00:00:00.000,1997-09-04 00:00:00.000,1997-08-12 00:00:00.000,2,97.18,München,Germany
10624,THECR,4,1997-08-07 00:00:00.000,1997-09-04 00:00:00.000,1997-08-19 00:00:00.000,2,94.8,Butte,USA
10625,ANATR,3,1997-08-08 00:00:00.000,1997-09-05 00:00:00.000,1997-08-14 00:00:00.000,1,43.9,México D.F.,Mexico
10626,BERGS,1,1997-08-11 00:00:00.000,1997-09-08 00:00:00.000,1997-08-20 00:00:00.000,2,138.69,Luleå,Sweden
10627,SAVEA,8,1997-08-11 00:00:00.000,1997-09-22 00:00:00.000,1997-08-21 00:00:00.000,3,107.46,Boise,USA
10628,BLONP,4,1997-08-12 00:00:00.000,1997-09-09 00:00:00.000,1997-08-20 00:00:00.000,3,30.36,Strasbourg,France
10629,GODOS,4,1997-08-12 00:00:00.000,1997-09-09 00:00:00.000,1997-08-20 00:00:00.000,3,85.46,Sevilla,Spain
10630,KOENE,1,1997-08-13 00:00:00.000,1997-09-10 00:00:00.000,1997-08-19 00:00:00.000,2,32.35,Brandenburg,Germany
10631,LAMAI,8,1997-08-14 00:00:00.000,1997-09-11 00:00:00.000,1997-08-15 00:00:00.000,1,0.87,Toulouse,France
10632,WANDK,8,1997-08-14 00:00:00.000,1997-09-11 00:00:00.000,1997-08-19 00:00:00.000,1,41.38,Stuttgart,Germany
10633,ERNSH,7,1997-08-15 00:00:00.000,1997-09-12 00:00:00.000,1997-08-18 00:00:00.000,3,477.9,Graz,Austria
10634,FOLIG,4,1997-08-15 00:00:00.000,1997-09-12 00:00:00.000,1997-08-21 00:00:00.000,3,487.38,Lille,France
10635,MAGAA,8,1997-08-18 00:00:00.000,1997-09-15 00:00:00.000,1997-08-21 00:00:00.000,3,47.46,Bergamo,Italy
10636,WARTH,4,1997-08-19 00:00:00.000,1997-09-16 00:00:00.000,1997-08-26 00:00:00.000,1,1.15,Oulu,Finland
10637,QUEEN,6,1997-08-19 00:00:00.000,1997-09-16 00:00:00.000,1997-08-26 00:00:00.000,1,201.29,Sao Paulo,Brazil
10638,LINOD,3,1997-08-20 00:00:00.000,1997-09-17 00:00:00.000,1997-09-01 00:00:00.000,1,158.44,I. de Margarita,Venezuela
10639,SANTG,7,1997-08-20 00:00:00.000,1997-09-17 00:00:00.000,1997-08-27 00:00:00.000,3,38.64,Stavern,Norway
10640,WANDK,4,1997-08-21 00:00:00.000,1997-09-18 00:00:00.000,1997-08-28 00:00:00.000,1,23.55,Stuttgart,Germany
10641,HILAA,4,1997-08-22 00:00:00.000,1997-09-19 00:00:00.000,1997-08-26 00:00:00.000,2,179.61,San Cristóbal,Venezuela
10642,SIMOB,7,1997-08-22 00:00:00.000,1997-09-19 00:00:00.000,1997-09-05 00:00:00.000,3,41.89,Kobenhavn,Denmark
10643,ALFKI,6,1997-08-25 00:00:00.000,1997-09-22 00:00:00.000,1997-09-02 00:00:00.000,1,29.46,Berlin,Germany
10644,WELLI,3,1997-08-25 00:00:00.000,1997-09-22 00:00:00.000,1997-09-01 00:00:00.000,2,0.14,Resende,Brazil
10645,HANAR,4,1997-08-26 00:00:00.000,1997-09-23 00:00:00.000,1997-09-02 00:00:00.000,1,12.41,Rio de Janeiro,Brazil
10646,HUNGO,9,1997-08-27 00:00:00.000,1997-10-08 00:00:00.000,1997-09-03 00:00:00.000,3,142.33,Cork,Ireland
10647,QUEDE,4,1997-08-27 00:00:00.000,1997-09-10 00:00:00.000,1997-09-03 00:00:00.000,2,45.54,Rio de Janeiro,Brazil
10648,RICAR,5,1997-08-28 00:00:00.000,1997-10-09 00:00:00.000,1997-09-09 00:00:00.000,2,14.25,Rio de Janeiro,Brazil
10649,MAISD,5,1997-08-28 00:00:00.000,1997-09-25 00:00:00.000,1997-08-29 00:00:00.000,3,6.2,Bruxelles,Belgium
10650,FAMIA,5,1997-08-29 00:00:00.000,1997-09-26 00:00:00.000,1997-09-03 00:00:00.000,3,176.81,Sao Paulo,Brazil
10651,WANDK,8,1997-09-01 00:00:00.000,1997-09-29 00:00:00.000,1997-09-11 00:00:00.000,2,20.6,Stuttgart,Germany
10652,GOURL,4,1997-09-01 00:00:00.000,1997-09-29 00:00:00.000,1997-09-08 00:00:00.000,2,7.14,Campinas,Brazil
10653,FRANK,1,1997-09-02 00:00:00.000,1997-09-30 00:00:00.000,1997-09-19 00:00:00.000,1,93.25,München,Germany
10654,BERGS,5,1997-09-02 00:00:00.000,1997-09-30 00:00:00.000,1997-09-11 00:00:00.000,1,55.26,Luleå,Sweden
10655,REGGC,1,1997-09-03 00:00:00.000,1997-10-01 00:00:00.000,1997-09-11 00:00:00.000,2,4.41,Reggio Emilia,Italy
10656,GREAL,6,1997-09-04 00:00:00.000,1997-10-02 00:00:00.000,1997-09-10 00:00:00.000,1,57.15,Eugene,USA
10657,SAVEA,2,1997-09-04 00:00:00.000,1997-10-02 00:00:00.000,1997-09-15 00:00:00.000,2,352.69,Boise,USA
10658,QUICK,4,1997-09-05 00:00:00.000,1997-10-03 00:00:00.000,1997-09-08 00:00:00.000,1,364.15,Cunewalde,Germany
10659,QUEEN,7,1997-09-05 00:00:00.000,1997-10-03 00:00:00.000,1997-09-10 00:00:00.000,2,105.81,Sao Paulo,Brazil
10660,HUNGC,8,1997-09-08 00:00:00.000,1997-10-06 00:00:00.000,1997-10-15 00:00:00.000,1,111.29,Elgin,USA
10661,HUNGO,7,1997-09-09 00:00:00.000,1997-10-07 00:00:00.000,1997-09-15 00:00:00.000,3,17.55,Cork,Ireland
10662,LONEP,3,1997-09-09 00:00:00.000,1997-10-07 00:00:00.000,1997-09-18 00:00:00.000,2,1.28,Portland,USA
10663,BONAP,2,1997-09-10 00:00:00.000,1997-09-24 00:00:00.000,1997-10-03 00:00:00.000,2,113.15,Marseille,France
10664,FURIB,1,1997-09-10 00:00:00.000,1997-10-08 00:00:00.000,1997-09-19 00:00:00.000,3,1.27,Lisboa,Portugal
10665,LONEP,1,1997-09-11 00:00:00.000,1997-10-09 00:00:00.000,1997-09-17 00:00:00.000,2,26.31,Portland,USA
10666,RICSU,7,1997-09-12 00:00:00.000,1997-10-10 00:00:00.000,1997-09-22 00:00:00.000,2,232.42,Genève,Switzerland
10667,ERNSH,7,1997-09-12 00:00:00.000,1997-10-10 00:00:00.000,1997-09-19 00:00:00.000,1,78.09,Graz,Austria
10668,WANDK,1,1997-09-15 00:00:00.000,1997-10-13 00:00:00.000,1997-09-23 00:00:00.000,2,47.22,Stuttgart,Germany
10669,SIMOB,2,1997-09-15 00:00:00.000,1997-10-13 00:00:00.000,1997-09-22 00:00:00.000,1,24.39,Kobenhavn,Denmark
10670,FRANK,4,1997-09-16 00:00:00.000,1997-10-14 00:00:00.000,1997-09-18 00:00:00.000,1,203.48,München,Germany
10671,FRANR,1,1997-09-17 00:00:00.000,1997-10-15 00:00:00.000,1997-09-24 00:00:00.000,1,30.34,Nantes,France
10672,BERGS,9,1997-09-17 00:00:00.000,1997-10-01 00:00:00.000,1997-09-26 00:00:00.000,2,95.75,Luleå,Sweden
10673,WILMK,2,1997-09-18 00:00:00.000,1997-10-16 00:00:00.000,1997-09-19 00:00:00.000,1,22.76,Helsinki,Finland
10674,ISLAT,4,1997-09-18 00:00:00.000,1997-10-16 00:00:00.000,1997-09-30 00:00:00.000,2,0.9,Cowes,UK
10675,FRANK,5,1997-09-19 00:00:00.000,1997-10-17 00:00:00.000,1997-09-23 00:00:00.000,2,31.85,München,Germany
10676,TORTU,2,1997-09-22 00:00:00.000,1997-10-20 00:00:00.000,1997-09-29 00:00:00.000,2,2.01,México D.F.,Mexico
10677,ANTON,1,1997-09-22 00:00:00.000,1997-10-20 00:00:00.000,1997-09-26 00:00:00.000,3,4.03,México D.F.,Mexico
10678,SAVEA,7,1997-09-23 00:00:00.000,1997-10-21 00:00:00.000,1997-10-16 00:00:00.000,3,388.98,Boise,USA
10679,BLONP,8,1997-09-23 00:00:00.000,1997-10-21 00:00:00.000,1997-09-30 00:00:00.000,3,27.94,Strasbourg,France
10680,OLDWO,1,1997-09-24 00:00:00.000,1997-10-22 00:00:00.000,1997-09-26 00:00:00.000,1,26.61,Anchorage,USA
10681,GREAL,3,1997-09-25 00:00:00.000,1997-10-23 00:00:00.000,1997-09-30 00:00:00.000,3,76.13,Eugene,USA
10682,ANTON,3,1997-09-25 00:00:00.000,1997-10-23 00:00:00.000,1997-10-01 00:00:00.000,2,36.13,México D.F.,Mexico
10683,DUMON,2,1997-09-26 00:00:00.000,1997-10-24 00:00:00.000,1997-10-01 00:00:00.000,1,4.4,Nantes,France
10684,OTTIK,3,1997-09-26 00:00:00.000,1997-10-24 00:00:00.000,1997-09-30 00:00:00.000,1,145.63,Köln,Germany
10685,GOURL,4,1997-09-29 00:00:00.000,1997-10-13 00:00:00.000,1997-10-03 00:00:00.000,2,33.75,Campinas,Brazil
10686,PICCO,2,1997-09-30 00:00:00.000,1997-10-28 00:00:00.000,1997-10-08 00:00:00.000,1,96.5,Salzburg,Austria
10687,HUNGO,9,1997-09-30 00:00:00.000,1997-10-28 00:00:00.000,1997-10-30 00:00:00.000,2,296.43,Cork,Ireland
10688,VAFFE,4,1997-10-01 00:00:00.000,1997-10-15 00:00:00.000,1997-10-07 00:00:00.000,2,299.09,Århus,Denmark
10689,BERGS,1,1997-10-01 00:00:00.000,1997-10-29 00:00:00.000,1997-10-07 00:00:00.000,2,13.42,Luleå,Sweden
10690,HANAR,1,1997-10-02 00:00:00.000,1997-10-30 00:00:00.000,1997-10-03 00:00:00.000,1,15.8,Rio de Janeiro,Brazil
10691,QUICK,2,1997-10-03 00:00:00.000,1997-11-14 00:00:00.000,1997-10-22 00:00:00.000,2,810.05,Cunewalde,Germany
10692,ALFKI,4,1997-10-03 00:00:00.000,1997-10-31 00:00:00.000,1997-10-13 00:00:00.000,2,61.02,Berlin,Germany
10693,WHITC,3,1997-10-06 00:00:00.000,1997-10-20 00:00:00.000,1997-10-10 00:00:00.000,3,139.34,Seattle,USA
10694,QUICK,8,1997-10-06 00:00:00.000,1997-11-03 00:00:00.000,1997-10-09 00:00:00.000,3,398.36,Cunewalde,Germany
10695,WILMK,7,1997-10-07 00:00:00.000,1997-11-18 00:00:00.000,1997-10-14 00:00:00.000,1,16.72,Helsinki,Finland
10696,WHITC,8,1997-10-08 00:00:00.000,1997-11-19 00:00:00.000,1997-10-14 00:00:00.000,3,102.55,Seattle,USA
10697,LINOD,3,1997-10-08 00:00:00.000,1997-11-05 00:00:00.000,1997-10-14 00:00:00.000,1,45.52,I. de Margarita,Venezuela
10698,ERNSH,4,1997-10-09 00:00:00.000,1997-11-06 00:00:00.000,1997-10-17 00:00:00.000,1,272.47,Graz,Austria
10699,MORGK,3,1997-10-09 00:00:00.000,1997-11-06 00:00:00.000,1997-10-13 00:00:00.000,3,0.58,Leipzig,Germany
10700,SAVEA,3,1997-10-10 00:00:00.000,1997-11-07 00:00:00.000,1997-10-16 00:00:00.000,1,65.1,Boise,USA
10701,HUNGO,6,1997-10-13 00:00:00.000,1997-10-27 00:00:00.000,1997-10-15 00:00:00.000,3,220.31,Cork,Ireland
10702,ALFKI,4,1997-10-13 00:00:00.000,1997-11-24 00:00:00.000,1997-10-21 00:00:00.000,1,23.94,Berlin,Germany
10703,FOLKO,6,1997-10-14 00:00:00.000,1997-11-11 00:00:00.000,1997-10-20 00:00:00.000,2,152.3,Bräcke,Sweden
10704,QUEEN,6,1997-10-14 00:00:00.000,1997-11-11 00:00:00.000,1997-11-07 00:00:00.000,1,4.78,Sao Paulo,Brazil
10705,HILAA,9,1997-10-15 00:00:00.000,1997-11-12 00:00:00.000,1997-11-18 00:00:00.000,2,3.52,San Cristóbal,Venezuela
10706,OLDWO,8,1997-10-16 00:00:00.000,1997-11-13 00:00:00.000,1997-10-21 00:00:00.000,3,135.63,Anchorage,USA
10707,AROUT,4,1997-10-16 00:00:00.000,1997-10-30 00:00:00.000,1997-10-23 00:00:00.000,3,21.74,Colchester,UK
10708,THEBI,6,1997-10-17 00:00:00.000,1997-11-28 00:00:00.000,1997-11-05 00:00:00.000,2,2.96,Portland,USA
10709,GOURL,1,1997-10-17 00:00:00.000,1997-11-14 00:00:00.000,1997-11-20 00:00:00.000,3,210.8,Campinas,Brazil
10710,FRANS,1,1997-10-20 00:00:00.000,1997-11-17 00:00:00.000,1997-10-23 00:00:00.000,1,4.98,Torino,Italy
10711,SAVEA,5,1997-10-21 00:00:00.000,1997-12-02 00:00:00.000,1997-10-29 00:00:00.000,2,52.41,Boise,USA
10712,HUNGO,3,1997-10-21 00:00:00.000,1997-11-18 00:00:00.000,1997-10-31 00:00:00.000,1,89.93,Cork,Ireland
10713,SAVEA,1,1997-10-22 00:00:00.000,1997-11-19 00:00:00.000,1997-10-24 00:00:00.000,1,167.05,Boise,USA
10714,SAVEA,5,1997-10-22 00:00:00.000,1997-11-19 00:00:00.000,1997-10-27 00:00:00.000,3,24.49,Boise,USA
10715,BONAP,3,1997-10-23 00:00:00.000,1997-11-06 00:00:00.000,1997-10-29 00:00:00.000,1,63.2,Marseille,France
10716,RANCH,4,1997-10-24 00:00:00.000,1997-11-21 00:00:00.000,1997-10-27 00:00:00.000,2,22.57,Buenos Aires,Argentina
10717,FRANK,1,1997-10-24 00:00:00.000,1997-11-21 00:00:00.000,1997-10-29 00:00:00.000,2,59.25,München,Germany
10718,KOENE,1,1997-10-27 00:00:00.000,1997-11-24 00:00:00.000,1997-10-29 00:00:00.000,3,170.88,Brandenburg,Germany
10719,LETSS,8,1997-10-27 00:00:00.000,1997-11-24 00:00:00.000,1997-11-05 00:00:00.000,2,51.44,San Francisco,USA
10720,QUEDE,8,1997-10-28 00:00:00.000,1997-11-11 00:00:00.000,1997-11-05 00:00:00.000,2,9.53,Rio de Janeiro,Brazil
10721,QUICK,5,1997-10-29 00:00:00.000,1997-11-26 00:00:00.000,1997-10-31 00:00:00.000,3,48.92,Cunewalde,Germany
10722,SAVEA,8,1997-10-29 00:00:00.000,1997-12-10 00:00:00.000,1997-11-04 00:00:00.000,1,74.58,Boise,USA
10723,WHITC,3,1997-10-30 00:00:00.000,1997-11-27 00:00:00.000,1997-11-25 00:00:00.000,1,21.72,Seattle,USA
10724,MEREP,8,1997-10-30 00:00:00.000,1997-12-11 00:00:00.000,1997-11-05 00:00:00.000,2,57.75,Montréal,Canada
10725,FAMIA,4,1997-10-31 00:00:00.000,1997-11-28 00:00:00.000,1997-11-05 00:00:00.000,3,10.83,Sao Paulo,Brazil
10726,EASTC,4,1997-11-03 00:00:00.000,1997-11-17 00:00:00.000,1997-12-05 00:00:00.000,1,16.56,London,UK
10727,REGGC,2,1997-11-03 00:00:00.000,1997-12-01 00:00:00.000,1997-12-05 00:00:00.000,1,89.9,Reggio Emilia,Italy
10728,QUEEN,4,1997-11-04 00:00:00.000,1997-12-02 00:00:00.000,1997-11-11 00:00:00.000,2,58.33,Sao Paulo,Brazil
10729,LINOD,8,1997-11-04 00:00:00.000,1997-12-16 00:00:00.000,1997-11-14 00:00:00.000,3,141.06,I. de Margarita,Venezuela
10730,BONAP,5,1997-11-05 00:00:00.000,1997-12-03 00:00:00.000,1997-11-14 00:00:00.000,1,20.12,Marseille,France
10731,CHOPS,7,1997-11-06 00:00:00.000,1997-12-04 00:00:00.000,1997-11-14 00:00:00.000,1,96.65,Bern,Switzerland
10732,BONAP,3,1997-11-06 00:00:00.000,1997-12-04 00:00:00.000,1997-11-07 00:00:00.000,1,16.97,Marseille,France
10733,BERGS,1,1997-11-07 00:00:00.000,1997-12-05 00:00:00.000,1997-11-10 00:00:00.000,3,110.11,Luleå,Sweden
10734,GOURL,2,1997-11-07 00:00:00.000,1997-12-05 00:00:00.000,1997-11-12 00:00:00.000,3,1.63,Campinas,Brazil
10735,LETSS,6,1997-11-10 00:00:00.000,1997-12-08 00:00:00.000,1997-11-21 00:00:00.000,2,45.97,San Francisco,USA
10736,HUNGO,9,1997-11-11 00:00:00.000,1997-12-09 00:00:00.000,1997-11-21 00:00:00.000,2,44.1,Cork,Ireland
10737,VINET,2,1997-11-11 00:00:00.000,1997-12-09 00:00:00.000,1997-11-18 00:00:00.000,2,7.79,Reims,France
10738,SPECD,2,1997-11-12 00:00:00.000,1997-12-10 00:00:00.000,1997-11-18 00:00:00.000,1,2.91,Paris,France
10739,VINET,3,1997-11-12 00:00:00.000,1997-12-10 00:00:00.000,1997-11-17 00:00:00.000,3,11.08,Reims,France
10740,WHITC,4,1997-11-13 00:00:00.000,1997-12-11 00:00:00.000,1997-11-25 00:00:00.000,2,81.88,Seattle,USA
10741,AROUT,4,1997-11-14 00:00:00.000,1997-11-28 00:00:00.000,1997-11-18 00:00:00.000,3,10.96,Colchester,UK
10742,BOTTM,3,1997-11-14 00:00:00.000,1997-12-12 00:00:00.000,1997-11-18 00:00:00.000,3,243.73,Tsawassen,Canada
10743,AROUT,1,1997-11-17 00:00:00.000,1997-12-15 00:00:00.000,1997-11-21 00:00:00.000,2,23.72,Colchester,UK
10744,VAFFE,6,1997-11-17 00:00:00.000,1997-12-15 00:00:00.000,1997-11-24 00:00:00.000,1,69.19,Århus,Denmark
10745,QUICK,9,1997-11-18 00:00:00.000,1997-12-16 00:00:00.000,1997-11-27 00:00:00.000,1,3.52,Cunewalde,Germany
10746,CHOPS,1,1997-11-19 00:00:00.000,1997-12-17 00:00:00.000,1997-11-21 00:00:00.000,3,31.43,Bern,Switzerland
10747,PICCO,6,1997-11-19 00:00:00.000,1997-12-17 00:00:00.000,1997-11-26 00:00:00.000,1,117.33,Salzburg,Austria
10748,SAVEA,3,1997-11-20 00:00:00.000,1997-12-18 00:00:00.000,1997-11-28 00:00:00.000,1,232.55,Boise,USA
10749,ISLAT,4,1997-11-20 00:00:00.000,1997-12-18 00:00:00.000,1997-12-19 00:00:00.000,2,61.53,Cowes,UK
10750,WARTH,9,1997-11-21 00:00:00.000,1997-12-19 00:00:00.000,1997-11-24 00:00:00.000,1,79.3,Oulu,Finland
10751,RICSU,3,1997-11-24 00:00:00.000,1997-12-22 00:00:00.000,1997-12-03 00:00:00.000,3,130.79,Genève,Switzerland
10752,NORTS,2,1997-11-24 00:00:00.000,1997-12-22 00:00:00.000,1997-11-28 00:00:00.000,3,1.39,London,UK
10753,FRANS,3,1997-11-25 00:00:00.000,1997-12-23 00:00:00.000,1997-11-27 00:00:00.000,1,7.7,Torino,Italy
10754,MAGAA,6,1997-11-25 00:00:00.000,1997-12-23 00:00:00.000,1997-11-27 00:00:00.000,3,2.38,Bergamo,Italy
10755,BONAP,4,1997-11-26 00:00:00.000,1997-12-24 00:00:00.000,1997-11-28 00:00:00.000,2,16.71,Marseille,France
10756,SPLIR,8,1997-11-27 00:00:00.000,1997-12-25 00:00:00.000,1997-12-02 00:00:00.000,2,73.21,Lander,USA
10757,SAVEA,6,1997-11-27 00:00:00.000,1997-12-25 00:00:00.000,1997-12-15 00:00:00.000,1,8.19,Boise,USA
10758,RICSU,3,1997-11-28 00:00:00.000,1997-12-26 00:00:00.000,1997-12-04 00:00:00.000,3,138.17,Genève,Switzerland
10759,ANATR,3,1997-11-28 00:00:00.000,1997-12-26 00:00:00.000,1997-12-12 00:00:00.000,3,11.99,México D.F.,Mexico
10760,MAISD,4,1997-12-01 00:00:00.000,1997-12-29 00:00:00.000,1997-12-10 00:00:00.000,1,155.64,Bruxelles,Belgium
10761,RATTC,5,1997-12-02 00:00:00.000,1997-12-30 00:00:00.000,1997-12-08 00:00:00.000,2,18.66,Albuquerque,USA
10762,FOLKO,3,1997-12-02 00:00:00.000,1997-12-30 00:00:00.000,1997-12-09 00:00:00.000,1,328.74,Bräcke,Sweden
10763,FOLIG,3,1997-12-03 00:00:00.000,1997-12-31 00:00:00.000,1997-12-08 00:00:00.000,3,37.35,Lille,France
10764,ERNSH,6,1997-12-03 00:00:00.000,1997-12-31 00:00:00.000,1997-12-08 00:00:00.000,3,145.45,Graz,Austria
10765,QUICK,3,1997-12-04 00:00:00.000,1998-01-01 00:00:00.000,1997-12-09 00:00:00.000,3,42.74,Cunewalde,Germany
10766,OTTIK,4,1997-12-05 00:00:00.000,1998-01-02 00:00:00.000,1997-12-09 00:00:00.000,1,157.55,Köln,Germany
10767,SUPRD,4,1997-12-05 00:00:00.000,1998-01-02 00:00:00.000,1997-12-15 00:00:00.000,3,1.59,Charleroi,Belgium
10768,AROUT,3,1997-12-08 00:00:00.000,1998-01-05 00:00:00.000,1997-12-15 00:00:00.000,2,146.32,Colchester,UK
10769,VAFFE,3,1997-12-08 00:00:00.000,1998-01-05 00:00:00.000,1997-12-12 00:00:00.000,1,65.06,Århus,Denmark
10770,HANAR,8,1997-12-09 00:00:00.000,1998-01-06 00:00:00.000,1997-12-17 00:00:00.000,3,5.32,Rio de Janeiro,Brazil
10771,ERNSH,9,1997-12-10 00:00:00.000,1998-01-07 00:00:00.000,1998-01-02 00:00:00.000,2,11.19,Graz,Austria
10772,LEHMS,3,1997-12-10 00:00:00.000,1998-01-07 00:00:00.000,1997-12-19 00:00:00.000,2,91.28,Frankfurt a.M.,Germany
10773,ERNSH,1,1997-12-11 00:00:00.000,1998-01-08 00:00:00.000,1997-12-16 00:00:00.000,3,96.43,Graz,Austria
10774,FOLKO,4,1997-12-11 00:00:00.000,1997-12-25 00:00:00.000,1997-12-12 00:00:00.000,1,48.2,Bräcke,Sweden
10775,THECR,7,1997-12-12 00:00:00.000,1998-01-09 00:00:00.000,1997-12-26 00:00:00.000,1,20.25,Butte,USA
10776,ERNSH,1,1997-12-15 00:00:00.000,1998-01-12 00:00:00.000,1997-12-18 00:00:00.000,3,351.53,Graz,Austria
10777,GOURL,7,1997-12-15 00:00:00.000,1997-12-29 00:00:00.000,1998-01-21 00:00:00.000,2,3.01,Campinas,Brazil
10778,BERGS,3,1997-12-16 00:00:00.000,1998-01-13 00:00:00.000,1997-12-24 00:00:00.000,1,6.79,Luleå,Sweden
10779,MORGK,3,1997-12-16 00:00:00.000,1998-01-13 00:00:00.000,1998-01-14 00:00:00.000,2,58.13,Leipzig,Germany
10780,LILAS,2,1997-12-16 00:00:00.000,1997-12-30 00:00:00.000,1997-12-25 00:00:00.000,1,42.13,Barquisimeto,Venezuela
10781,WARTH,2,1997-12-17 00:00:00.000,1998-01-14 00:00:00.000,1997-12-19 00:00:00.000,3,73.16,Oulu,Finland
10782,CACTU,9,1997-12-17 00:00:00.000,1998-01-14 00:00:00.000,1997-12-22 00:00:00.000,3,1.1,Buenos Aires,Argentina
10783,HANAR,4,1997-12-18 00:00:00.000,1998-01-15 00:00:00.000,1997-12-19 00:00:00.000,2,124.98,Rio de Janeiro,Brazil
10784,MAGAA,4,1997-12-18 00:00:00.000,1998-01-15 00:00:00.000,1997-12-22 00:00:00.000,3,70.09,Bergamo,Italy
10785,GROSR,1,1997-12-18 00:00:00.000,1998-01-15 00:00:00.000,1997-12-24 00:00:00.000,3,1.51,Caracas,Venezuela
10786,QUEEN,8,1997-12-19 00:00:00.000,1998-01-16 00:00:00.000,1997-12-23 00:00:00.000,1,110.87,Sao Paulo,Brazil
10787,LAMAI,2,1997-12-19 00:00:00.000,1998-01-02 00:00:00.000,1997-12-26 00:00:00.000,1,249.93,Toulouse,France
10788,QUICK,1,1997-12-22 00:00:00.000,1998-01-19 00:00:00.000,1998-01-19 00:00:00.000,2,42.7,Cunewalde,Germany
10789,FOLIG,1,1997-12-22 00:00:00.000,1998-01-19 00:00:00.000,1997-12-31 00:00:00.000,2,100.6,Lille,France
10790,GOURL,6,1997-12-22 00:00:00.000,1998-01-19 00:00:00.000,1997-12-26 00:00:00.000,1,28.23,Campinas,Brazil
10791,FRANK,6,1997-12-23 00:00:00.000,1998-01-20 00:00:00.000,1998-01-01 00:00:00.000,2,16.85,München,Germany
10792,WOLZA,1,1997-12-23 00:00:00.000,1998-01-20 00:00:00.000,1997-12-31 00:00:00.000,3,23.79,Warszawa,Poland
10793,AROUT,3,1997-12-24 00:00:00.000,1998-01-21 00:00:00.000,1998-01-08 00:00:00.000,3,4.52,Colchester,UK
10794,QUEDE,6,1997-12-24 00:00:00.000,1998-01-21 00:00:00.000,1998-01-02 00:00:00.000,1,21.49,Rio de Janeiro,Brazil
10795,ERNSH,8,1997-12-24 00:00:00.000,1998-01-21 00:00:00.000,1998-01-20 00:00:00.000,2,126.66,Graz,Austria
10796,HILAA,3,1997-12-25 00:00:00.000,1998-01-22 00:00:00.000,1998-01-14 00:00:00.000,1,26.52,San Cristóbal,Venezuela
10797,DRACD,7,1997-12-25 00:00:00.000,1998-01-22 00:00:00.000,1998-01-05 00:00:00.000,2,33.35,Aachen,Germany
10798,ISLAT,2,1997-12-26 00:00:00.000,1998-01-23 00:00:00.000,1998-01-05 00:00:00.000,1,2.33,Cowes,UK
10799,KOENE,9,1997-12-26 00:00:00.000,1998-02-06 00:00:00.000,1998-01-05 00:00:00.000,3,30.76,Brandenburg,Germany
10800,SEVES,1,1997-12-26 00:00:00.000,1998-01-23 00:00:00.000,1998-01-05 00:00:00.000,3,137.44,London,UK
10801,BOLID,4,1997-12-29 00:00:00.000,1998-01-26 00:00:00.000,1997-12-31 00:00:00.000,2,97.09,Madrid,Spain
10802,SIMOB,4,1997-12-29 00:00:00.000,1998-01-26 00:00:00.000,1998-01-02 00:00:00.000,2,257.26,Kobenhavn,Denmark
10803,WELLI,4,1997-12-30 00:00:00.000,1998-01-27 00:00:00.000,1998-01-06 00:00:00.000,1,55.23,Resende,Brazil
10804,SEVES,6,1997-12-30 00:00:00.000,1998-01-27 00:00:00.000,1998-01-07 00:00:00.000,2,27.33,London,UK
10805,THEBI,2,1997-12-30 00:00:00.000,1998-01-27 00:00:00.000,1998-01-09 00:00:00.000,3,237.34,Portland,USA
10806,VICTE,3,1997-12-31 00:00:00.000,1998-01-28 00:00:00.000,1998-01-05 00:00:00.000,2,22.11,Lyon,France
10807,FRANS,4,1997-12-31 00:00:00.000,1998-01-28 00:00:00.000,1998-01-30 00:00:00.000,1,1.36,Torino,Italy
10808,OLDWO,2,1998-01-01 00:00:00.000,1998-01-29 00:00:00.000,1998-01-09 00:00:00.000,3,45.53,Anchorage,USA
10809,WELLI,7,1998-01-01 00:00:00.000,1998-01-29 00:00:00.000,1998-01-07 00:00:00.000,1,4.87,Resende,Brazil
10810,LAUGB,2,1998-01-01 00:00:00.000,1998-01-29 00:00:00.000,1998-01-07 00:00:00.000,3,4.33,Vancouver,Canada
10811,LINOD,8,1998-01-02 00:00:00.000,1998-01-30 00:00:00.000,1998-01-08 00:00:00.000,1,31.22,I. de Margarita,Venezuela
10812,REGGC,5,1998-01-02 00:00:00.000,1998-01-30 00:00:00.000,1998-01-12 00:00:00.000,1,59.78,Reggio Emilia,Italy
10813,RICAR,1,1998-01-05 00:00:00.000,1998-02-02 00:00:00.000,1998-01-09 00:00:00.000,1,47.38,Rio de Janeiro,Brazil
10814,VICTE,3,1998-01-05 00:00:00.000,1998-02-02 00:00:00.000,1998-01-14 00:00:00.000,3,130.94,Lyon,France
10815,SAVEA,2,1998-01-05 00:00:00.000,1998-02-02 00:00:00.000,1998-01-14 00:00:00.000,3,14.62,Boise,USA
10816,GREAL,4,1998-01-06 00:00:00.000,1998-02-03 00:00:00.000,1998-02-04 00:00:00.000,2,719.78,Eugene,USA
10817,KOENE,3,1998-01-06 00:00:00.000,1998-01-20 00:00:00.000,1998-01-13 00:00:00.000,2,306.07,Brandenburg,Germany
10818,MAGAA,7,1998-01-07 00:00:00.000,1998-02-04 00:00:00.000,1998-01-12 00:00:00.000,3,65.48,Bergamo,Italy
10819,CACTU,2,1998-01-07 00:00:00.000,1998-02-04 00:00:00.000,1998-01-16 00:00:00.000,3,19.76,Buenos Aires,Argentina
10820,RATTC,3,1998-01-07 00:00:00.000,1998-02-04 00:00:00.000,1998-01-13 00:00:00.000,2,37.52,Albuquerque,USA
10821,SPLIR,1,1998-01-08 00:00:00.000,1998-02-05 00:00:00.000,1998-01-15 00:00:00.000,1,36.68,Lander,USA
10822,TRAIH,6,1998-01-08 00:00:00.000,1998-02-05 00:00:00.000,1998-01-16 00:00:00.000,3,7.0,Kirkland,USA
10823,LILAS,5,1998-01-09 00:00:00.000,1998-02-06 00:00:00.000,1998-01-13 00:00:00.000,2,163.97,Barquisimeto,Venezuela
10824,FOLKO,8,1998-01-09 00:00:00.000,1998-02-06 00:00:00.000,1998-01-30 00:00:00.000,1,1.23,Bräcke,Sweden
10825,DRACD,1,1998-01-09 00:00:00.000,1998-02-06 00:00:00.000,1998-01-14 00:00:00.000,1,79.25,Aachen,Germany
10826,BLONP,6,1998-01-12 00:00:00.000,1998-02-09 00:00:00.000,1998-02-06 00:00:00.000,1,7.09,Strasbourg,France
10827,BONAP,1,1998-01-12 00:00:00.000,1998-01-26 00:00:00.000,1998-02-06 00:00:00.000,2,63.54,Marseille,France
10828,RANCH,9,1998-01-13 00:00:00.000,1998-01-27 00:00:00.000,1998-02-04 00:00:00.000,1,90.85,Buenos Aires,Argentina
10829,ISLAT,9,1998-01-13 00:00:00.000,1998-02-10 00:00:00.000,1998-01-23 00:00:00.000,1,154.72,Cowes,UK
10830,TRADH,4,1998-01-13 00:00:00.000,1998-02-24 00:00:00.000,1998-01-21 00:00:00.000,2,81.83,Sao Paulo,Brazil
10831,SANTG,3,1998-01-14 00:00:00.000,1998-02-11 00:00:00.000,1998-01-23 00:00:00.000,2,72.19,Stavern,Norway
10832,LAMAI,2,1998-01-14 00:00:00.000,1998-02-11 00:00:00.000,1998-01-19 00:00:00.000,2,43.26,Toulouse,France
10833,OTTIK,6,1998-01-15 00:00:00.000,1998-02-12 00:00:00.000,1998-01-23 00:00:00.000,2,71.49,Köln,Germany
10834,TRADH,1,1998-01-15 00:00:00.000,1998-02-12 00:00:00.000,1998-01-19 00:00:00.000,3,29.78,Sao Paulo,Brazil
10835,ALFKI,1,1998-01-15 00:00:00.000,1998-02-12 00:00:00.000,1998-01-21 00:00:00.000,3,69.53,Berlin,Germany
10836,ERNSH,7,1998-01-16 00:00:00.000,1998-02-13 00:00:00.000,1998-01-21 00:00:00.000,1,411.88,Graz,Austria
10837,BERGS,9,1998-01-16 00:00:00.000,1998-02-13 00:00:00.000,1998-01-23 00:00:00.000,3,13.32,Luleå,Sweden
10838,LINOD,3,1998-01-19 00:00:00.000,1998-02-16 00:00:00.000,1998-01-23 00:00:00.000,3,59.28,I. de Margarita,Venezuela
10839,TRADH,3,1998-01-19 00:00:00.000,1998-02-16 00:00:00.000,1998-01-22 00:00:00.000,3,35.43,Sao Paulo,Brazil
10840,LINOD,4,1998-01-19 00:00:00.000,1998-03-02 00:00:00.000,1998-02-16 00:00:00.000,2,2.71,I. de Margarita,Venezuela
10841,SUPRD,5,1998-01-20 00:00:00.000,1998-02-17 00:00:00.000,1998-01-29 00:00:00.000,2,424.3,Charleroi,Belgium
10842,TORTU,1,1998-01-20 00:00:00.000,1998-02-17 00:00:00.000,1998-01-29 00:00:00.000,3,54.42,México D.F.,Mexico
10843,VICTE,4,1998-01-21 00:00:00.000,1998-02-18 00:00:00.000,1998-01-26 00:00:00.000,2,9.26,Lyon,France
10844,PICCO,8,1998-01-21 00:00:00.000,1998-02-18 00:00:00.000,1998-01-26 00:00:00.000,2,25.22,Salzburg,Austria
10845,QUICK,8,1998-01-21 00:00:00.000,1998-02-04 00:00:00.000,1998-01-30 00:00:00.000,1,212.98,Cunewalde,Germany
10846,SUPRD,2,1998-01-22 00:00:00.000,1998-03-05 00:00:00.000,1998-01-23 00:00:00.000,3,56.46,Charleroi,Belgium
10847,SAVEA,4,1998-01-22 00:00:00.000,1998-02-05 00:00:00.000,1998-02-10 00:00:00.000,3,487.57,Boise,USA
10848,CONSH,7,1998-01-23 00:00:00.000,1998-02-20 00:00:00.000,1998-01-29 00:00:00.000,2,38.24,London,UK
10849,KOENE,9,1998-01-23 00:00:00.000,1998-02-20 00:00:00.000,1998-01-30 00:00:00.000,2,0.56,Brandenburg,Germany
10850,VICTE,1,1998-01-23 00:00:00.000,1998-03-06 00:00:00.000,1998-01-30 00:00:00.000,1,49.19,Lyon,France
10851,RICAR,5,1998-01-26 00:00:00.000,1998-02-23 00:00:00.000,1998-02-02 00:00:00.000,1,160.55,Rio de Janeiro,Brazil
10852,RATTC,8,1998-01-26 00:00:00.000,1998-02-09 00:00:00.000,1998-01-30 00:00:00.000,1,174.05,Albuquerque,USA
10853,BLAUS,9,1998-01-27 00:00:00.000,1998-02-24 00:00:00.000,1998-02-03 00:00:00.000,2,53.83,Mannheim,Germany
10854,ERNSH,3,1998-01-27 00:00:00.000,1998-02-24 00:00:00.000,1998-02-05 00:00:00.000,2,100.22,Graz,Austria
10855,OLDWO,3,1998-01-27 00:00:00.000,1998-02-24 00:00:00.000,1998-02-04 00:00:00.000,1,170.97,Anchorage,USA
10856,ANTON,3,1998-01-28 00:00:00.000,1998-02-25 00:00:00.000,1998-02-10 00:00:00.000,2,58.43,México D.F.,Mexico
10857,BERGS,8,1998-01-28 00:00:00.000,1998-02-25 00:00:00.000,1998-02-06 00:00:00.000,2,188.85,Luleå,Sweden
10858,LACOR,2,1998-01-29 00:00:00.000,1998-02-26 00:00:00.000,1998-02-03 00:00:00.000,1,52.51,Versailles,France
10859,FRANK,1,1998-01-29 00:00:00.000,1998-02-26 00:00:00.000,1998-02-02 00:00:00.000,2,76.1,München,Germany
10860,FRANR,3,1998-01-29 00:00:00.000,1998-02-26 00:00:00.000,1998-02-04 00:00:00.000,3,19.26,Nantes,France
10861,WHITC,4,1998-01-30 00:00:00.000,1998-02-27 00:00:00.000,1998-02-17 00:00:00.000,2,14.93,Seattle,USA
10862,LEHMS,8,1998-01-30 00:00:00.000,1998-03-13 00:00:00.000,1998-02-02 00:00:00.000,2,53.23,Frankfurt a.M.,Germany
10863,HILAA,4,1998-02-02 00:00:00.000,1998-03-02 00:00:00.000,1998-02-17 00:00:00.000,2,30.26,San Cristóbal,Venezuela
10864,AROUT,4,1998-02-02 00:00:00.000,1998-03-02 00:00:00.000,1998-02-09 00:00:00.000,2,3.04,Colchester,UK
10865,QUICK,2,1998-02-02 00:00:00.000,1998-02-16 00:00:00.000,1998-02-12 00:00:00.000,1,348.14,Cunewalde,Germany
10866,BERGS,5,1998-02-03 00:00:00.000,1998-03-03 00:00:00.000,1998-02-12 00:00:00.000,1,109.11,Luleå,Sweden
10867,LONEP,6,1998-02-03 00:00:00.000,1998-03-17 00:00:00.000,1998-02-11 00:00:00.000,1,1.93,Portland,USA
10868,QUEEN,7,1998-02-04 00:00:00.000,1998-03-04 00:00:00.000,1998-02-23 00:00:00.000,2,191.27,Sao Paulo,Brazil
10869,SEVES,5,1998-02-04 00:00:00.000,1998-03-04 00:00:00.000,1998-02-09 00:00:00.000,1,143.28,London,UK
10870,WOLZA,5,1998-02-04 00:00:00.000,1998-03-04 00:00:00.000,1998-02-13 00:00:00.000,3,12.04,Warszawa,Poland
10871,BONAP,9,1998-02-05 00:00:00.000,1998-03-05 00:00:00.000,1998-02-10 00:00:00.000,2,112.27,Marseille,France
10872,GODOS,5,1998-02-05 00:00:00.000,1998-03-05 00:00:00.000,1998-02-09 00:00:00.000,2,175.32,Sevilla,Spain
10873,WILMK,4,1998-02-06 00:00:00.000,1998-03-06 00:00:00.000,1998-02-09 00:00:00.000,1,0.82,Helsinki,Finland
10874,GODOS,5,1998-02-06 00:00:00.000,1998-03-06 00:00:00.000,1998-02-11 00:00:00.000,2,19.58,Sevilla,Spain
10875,BERGS,4,1998-02-06 00:00:00.000,1998-03-06 00:00:00.000,1998-03-03 00:00:00.000,2,32.37,Luleå,Sweden
10876,BONAP,7,1998-02-09 00:00:00.000,1998-03-09 00:00:00.000,1998-02-12 00:00:00.000,3,60.42,Marseille,France
10877,RICAR,1,1998-02-09 00:00:00.000,1998-03-09 00:00:00.000,1998-02-19 00:00:00.000,1,38.06,Rio de Janeiro,Brazil
10878,QUICK,4,1998-02-10 00:00:00.000,1998-03-10 00:00:00.000,1998-02-12 00:00:00.000,1,46.69,Cunewalde,Germany
10879,WILMK,3,1998-02-10 00:00:00.000,1998-03-10 00:00:00.000,1998-02-12 00:00:00.000,3,8.5,Helsinki,Finland
10880,FOLKO,7,1998-02-10 00:00:00.000,1998-03-24 00:00:00.000,1998-02-18 00:00:00.000,1,88.01,Bräcke,Sweden
10881,CACTU,4,1998-02-11 00:00:00.000,1998-03-11 00:00:00.000,1998-02-18 00:00:00.000,1,2.84,Buenos Aires,Argentina
10882,SAVEA,4,1998-02-11 00:00:00.000,1998-03-11 00:00:00.000,1998-02-20 00:00:00.000,3,23.1,Boise,USA
10883,LONEP,8,1998-02-12 00:00:00.000,1998-03-12 00:00:00.000,1998-02-20 00:00:00.000,3,0.53,Portland,USA
10884,LETSS,4,1998-02-12 00:00:00.000,1998-03-12 00:00:00.000,1998-02-13 00:00:00.000,2,90.97,San Francisco,USA
10885,SUPRD,6,1998-02-12 00:00:00.000,1998-03-12 00:00:00.000,1998-02-18 00:00:00.000,3,5.64,Charleroi,Belgium
10886,HANAR,1,1998-02-13 00:00:00.000,1998-03-13 00:00:00.000,1998-03-02 00:00:00.000,1,4.99,Rio de Janeiro,Brazil
10887,GALED,8,1998-02-13 00:00:00.000,1998-03-13 00:00:00.000,1998-02-16 00:00:00.000,3,1.25,Barcelona,Spain
10888,GODOS,1,1998-02-16 00:00:00.000,1998-03-16 00:00:00.000,1998-02-23 00:00:00.000,2,51.87,Sevilla,Spain
10889,RATTC,9,1998-02-16 00:00:00.000,1998-03-16 00:00:00.000,1998-02-23 00:00:00.000,3,280.61,Albuquerque,USA
10890,DUMON,7,1998-02-16 00:00:00.000,1998-03-16 00:00:00.000,1998-02-18 00:00:00.000,1,32.76,Nantes,France
10891,LEHMS,7,1998-02-17 00:00:00.000,1998-03-17 00:00:00.000,1998-02-19 00:00:00.000,2,20.37,Frankfurt a.M.,Germany
10892,MAISD,4,1998-02-17 00:00:00.000,1998-03-17 00:00:00.000,1998-02-19 00:00:00.000,2,120.27,Bruxelles,Belgium
10893,KOENE,9,1998-02-18 00:00:00.000,1998-03-18 00:00:00.000,1998-02-20 00:00:00.000,2,77.78,Brandenburg,Germany
10894,SAVEA,1,1998-02-18 00:00:00.000,1998-03-18 00:00:00.000,1998-02-20 00:00:00.000,1,116.13,Boise,USA
10895,ERNSH,3,1998-02-18 00:00:00.000,1998-03-18 00:00:00.000,1998-02-23 00:00:00.000,1,162.75,Graz,Austria
10896,MAISD,7,1998-02-19 00:00:00.000,1998-03-19 00:00:00.000,1998-02-27 00:00:00.000,3,32.45,Bruxelles,Belgium
10897,HUNGO,3,1998-02-19 00:00:00.000,1998-03-19 00:00:00.000,1998-02-25 00:00:00.000,2,603.54,Cork,Ireland
10898,OCEAN,4,1998-02-20 00:00:00.000,1998-03-20 00:00:00.000,1998-03-06 00:00:00.000,2,1.27,Buenos Aires,Argentina
10899,LILAS,5,1998-02-20 00:00:00.000,1998-03-20 00:00:00.000,1998-02-26 00:00:00.000,3,1.21,Barquisimeto,Venezuela
10900,WELLI,1,1998-02-20 00:00:00.000,1998-03-20 00:00:00.000,1998-03-04 00:00:00.000,2,1.66,Resende,Brazil
10901,HILAA,4,1998-02-23 00:00:00.000,1998-03-23 00:00:00.000,1998-02-26 00:00:00.000,1,62.09,San Cristóbal,Venezuela
10902,FOLKO,1,1998-02-23 00:00:00.000,1998-03-23 00:00:00.000,1998-03-03 00:00:00.000,1,44.15,Bräcke,Sweden
10903,HANAR,3,1998-02-24 00:00:00.000,1998-03-24 00:00:00.000,1998-03-04 00:00:00.000,3,36.71,Rio de Janeiro,Brazil
10904,WHITC,3,1998-02-24 00:00:00.000,1998-03-24 00:00:00.000,1998-02-27 00:00:00.000,3,162.95,Seattle,USA
10905,WELLI,9,1998-02-24 00:00:00.000,1998-03-24 00:00:00.000,1998-03-06 00:00:00.000,2,13.72,Resende,Brazil
10906,WOLZA,4,1998-02-25 00:00:00.000,1998-03-11 00:00:00.000,1998-03-03 00:00:00.000,3,26.29,Warszawa,Poland
10907,SPECD,6,1998-02-25 00:00:00.000,1998-03-25 00:00:00.000,1998-02-27 00:00:00.000,3,9.19,Paris,France
10908,REGGC,4,1998-02-26 00:00:00.000,1998-03-26 00:00:00.000,1998-03-06 00:00:00.000,2,32.96,Reggio Emilia,Italy
10909,SANTG,1,1998-02-26 00:00:00.000,1998-03-26 00:00:00.000,1998-03-10 00:00:00.000,2,53.05,Stavern,Norway
10910,WILMK,1,1998-02-26 00:00:00.000,1998-03-26 00:00:00.000,1998-03-04 00:00:00.000,3,38.11,Helsinki,Finland
10911,GODOS,3,1998-02-26 00:00:00.000,1998-03-26 00:00:00.000,1998-03-05 00:00:00.000,1,38.19,Sevilla,Spain
10912,HUNGO,2,1998-02-26 00:00:00.000,1998-03-26 00:00:00.000,1998-03-18 00:00:00.000,2,580.91,Cork,Ireland
10913,QUEEN,4,1998-02-26 00:00:00.000,1998-03-26 00:00:00.000,1998-03-04 00:00:00.000,1,33.05,Sao Paulo,Brazil
10914,QUEEN,6,1998-02-27 00:00:00.000,1998-03-27 00:00:00.000,1998-03-02 00:00:00.000,1,21.19,Sao Paulo,Brazil
10915,TORTU,2,1998-02-27 00:00:00.000,1998-03-27 00:00:00.000,1998-03-02 00:00:00.000,2,3.51,México D.F.,Mexico
10916,RANCH,1,1998-02-27 00:00:00.000,1998-03-27 00:00:00.000,1998-03-09 00:00:00.000,2,63.77,Buenos Aires,Argentina
10917,ROMEY,4,1998-03-02 00:00:00.000,1998-03-30 00:00:00.000,1998-03-11 00:00:00.000,2,8.29,Madrid,Spain
10918,BOTTM,3,1998-03-02 00:00:00.000,1998-03-30 00:00:00.000,1998-03-11 00:00:00.000,3,48.83,Tsawassen,Canada
10919,LINOD,2,1998-03-02 00:00:00.000,1998-03-30 00:00:00.000,1998-03-04 00:00:00.000,2,19.8,I. de Margarita,Venezuela
10920,AROUT,4,1998-03-03 00:00:00.000,1998-03-31 00:00:00.000,1998-03-09 00:00:00.000,2,29.61,Colchester,UK
10921,VAFFE,1,1998-03-03 00:00:00.000,1998-04-14 00:00:00.000,1998-03-09 00:00:00.000,1,176.48,Århus,Denmark
10922,HANAR,5,1998-03-03 00:00:00.000,1998-03-31 00:00:00.000,1998-03-05 00:00:00.000,3,62.74,Rio de Janeiro,Brazil
10923,LAMAI,7,1998-03-03 00:00:00.000,1998-04-14 00:00:00.000,1998-03-13 00:00:00.000,3,68.26,Toulouse,France
10924,BERGS,3,1998-03-04 00:00:00.000,1998-04-01 00:00:00.000,1998-04-08 00:00:00.000,2,151.52,Luleå,Sweden
10925,HANAR,3,1998-03-04 00:00:00.000,1998-04-01 00:00:00.000,1998-03-13 00:00:00.000,1,2.27,Rio de Janeiro,Brazil
10926,ANATR,4,1998-03-04 00:00:00.000,1998-04-01 00:00:00.000,1998-03-11 00:00:00.000,3,39.92,México D.F.,Mexico
10927,LACOR,4,1998-03-05 00:00:00.000,1998-04-02 00:00:00.000,1998-04-08 00:00:00.000,1,19.79,Versailles,France
10928,GALED,1,1998-03-05 00:00:00.000,1998-04-02 00:00:00.000,1998-03-18 00:00:00.000,1,1.36,Barcelona,Spain
10929,FRANK,6,1998-03-05 00:00:00.000,1998-04-02 00:00:00.000,1998-03-12 00:00:00.000,1,33.93,München,Germany
10930,SUPRD,4,1998-03-06 00:00:00.000,1998-04-17 00:00:00.000,1998-03-18 00:00:00.000,3,15.55,Charleroi,Belgium
10931,RICSU,4,1998-03-06 00:00:00.000,1998-03-20 00:00:00.000,1998-03-19 00:00:00.000,2,13.6,Genève,Switzerland
10932,BONAP,8,1998-03-06 00:00:00.000,1998-04-03 00:00:00.000,1998-03-24 00:00:00.000,1,134.64,Marseille,France
10933,ISLAT,6,1998-03-06 00:00:00.000,1998-04-03 00:00:00.000,1998-03-16 00:00:00.000,3,54.15,Cowes,UK
10934,LEHMS,3,1998-03-09 00:00:00.000,1998-04-06 00:00:00.000,1998-03-12 00:00:00.000,3,32.01,Frankfurt a.M.,Germany
10935,WELLI,4,1998-03-09 00:00:00.000,1998-04-06 00:00:00.000,1998-03-18 00:00:00.000,3,47.59,Resende,Brazil
10936,GREAL,3,1998-03-09 00:00:00.000,1998-04-06 00:00:00.000,1998-03-18 00:00:00.000,2,33.68,Eugene,USA
10937,CACTU,7,1998-03-10 00:00:00.000,1998-03-24 00:00:00.000,1998-03-13 00:00:00.000,3,31.51,Buenos Aires,Argentina
10938,QUICK,3,1998-03-10 00:00:00.000,1998-04-07 00:00:00.000,1998-03-16 00:00:00.000,2,31.89,Cunewalde,Germany
10939,MAGAA,2,1998-03-10 00:00:00.000,1998-04-07 00:00:00.000,1998-03-13 00:00:00.000,2,76.33,Bergamo,Italy
10940,BONAP,8,1998-03-11 00:00:00.000,1998-04-08 00:00:00.000,1998-03-23 00:00:00.000,3,19.77,Marseille,France
10941,SAVEA,7,1998-03-11 00:00:00.000,1998-04-08 00:00:00.000,1998-03-20 00:00:00.000,2,400.81,Boise,USA
10942,REGGC,9,1998-03-11 00:00:00.000,1998-04-08 00:00:00.000,1998-03-18 00:00:00.000,3,17.95,Reggio Emilia,Italy
10943,BSBEV,4,1998-03-11 00:00:00.000,1998-04-08 00:00:00.000,1998-03-19 00:00:00.000,2,2.17,London,UK
10944,BOTTM,6,1998-03-12 00:00:00.000,1998-03-26 00:00:00.000,1998-03-13 00:00:00.000,3,52.92,Tsawassen,Canada
10945,MORGK,4,1998-03-12 00:00:00.000,1998-04-09 00:00:00.000,1998-03-18 00:00:00.000,1,10.22,Leipzig,Germany
10946,VAFFE,1,1998-03-12 00:00:00.000,1998-04-09 00:00:00.000,1998-03-19 00:00:00.000,2,27.2,Århus,Denmark
10947,BSBEV,3,1998-03-13 00:00:00.000,1998-04-10 00:00:00.000,1998-03-16 00:00:00.000,2,3.26,London,UK
10948,GODOS,3,1998-03-13 00:00:00.000,1998-04-10 00:00:00.000,1998-03-19 00:00:00.000,3,23.39,Sevilla,Spain
10949,BOTTM,2,1998-03-13 00:00:00.000,1998-04-10 00:00:00.000,1998-03-17 00:00:00.000,3,74.44,Tsawassen,Canada
10950,MAGAA,1,1998-03-16 00:00:00.000,1998-04-13 00:00:00.000,1998-03-23 00:00:00.000,2,2.5,Bergamo,Italy
10951,RICSU,9,1998-03-16 00:00:00.000,1998-04-27 00:00:00.000,1998-04-07 00:00:00.000,2,30.85,Genève,Switzerland
10952,ALFKI,1,1998-03-16 00:00:00.000,1998-04-27 00:00:00.000,1998-03-24 00:00:00.000,1,40.42,Berlin,Germany
10953,AROUT,9,1998-03-16 00:00:00.000,1998-03-30 00:00:00.000,1998-03-25 00:00:00.000,2,23.72,Colchester,UK
10954,LINOD,5,1998-03-17 00:00:00.000,1998-04-28 00:00:00.000,1998-03-20 00:00:00.000,1,27.91,I. de Margarita,Venezuela
10955,FOLKO,8,1998-03-17 00:00:00.000,1998-04-14 00:00:00.000,1998-03-20 00:00:00.000,2,3.26,Bräcke,Sweden
10956,BLAUS,6,1998-03-17 00:00:00.000,1998-04-28 00:00:00.000,1998-03-20 00:00:00.000,2,44.65,Mannheim,Germany
10957,HILAA,8,1998-03-18 00:00:00.000,1998-04-15 00:00:00.000,1998-03-27 00:00:00.000,3,105.36,San Cristóbal,Venezuela
10958,OCEAN,7,1998-03-18 00:00:00.000,1998-04-15 00:00:00.000,1998-03-27 00:00:00.000,2,49.56,Buenos Aires,Argentina
10959,GOURL,6,1998-03-18 00:00:00.000,1998-04-29 00:00:00.000,1998-03-23 00:00:00.000,2,4.98,Campinas,Brazil
10960,HILAA,3,1998-03-19 00:00:00.000,1998-04-02 00:00:00.000,1998-04-08 00:00:00.000,1,2.08,San Cristóbal,Venezuela
10961,QUEEN,8,1998-03-19 00:00:00.000,1998-04-16 00:00:00.000,1998-03-30 00:00:00.000,1,104.47,Sao Paulo,Brazil
10962,QUICK,8,1998-03-19 00:00:00.000,1998-04-16 00:00:00.000,1998-03-23 00:00:00.000,2,275.79,Cunewalde,Germany
10963,FURIB,9,1998-03-19 00:00:00.000,1998-04-16 00:00:00.000,1998-03-26 00:00:00.000,3,2.7,Lisboa,Portugal
10964,SPECD,3,1998-03-20 00:00:00.000,1998-04-17 00:00:00.000,1998-03-24 00:00:00.000,2,87.38,Paris,France
10965,OLDWO,6,1998-03-20 00:00:00.000,1998-04-17 00:00:00.000,1998-03-30 00:00:00.000,3,144.38,Anchorage,USA
10966,CHOPS,4,1998-03-20 00:00:00.000,1998-04-17 00:00:00.000,1998-04-08 00:00:00.000,1,27.19,Bern,Switzerland
10967,TOMSP,2,1998-03-23 00:00:00.000,1998-04-20 00:00:00.000,1998-04-02 00:00:00.000,2,62.22,Münster,Germany
10968,ERNSH,1,1998-03-23 00:00:00.000,1998-04-20 00:00:00.000,1998-04-01 00:00:00.000,3,74.6,Graz,Austria
10969,COMMI,1,1998-03-23 00:00:00.000,1998-04-20 00:00:00.000,1998-03-30 00:00:00.000,2,0.21,Sao Paulo,Brazil
10970,BOLID,9,1998-03-24 00:00:00.000,1998-04-07 00:00:00.000,1998-04-24 00:00:00.000,1,16.16,Madrid,Spain
10971,FRANR,2,1998-03-24 00:00:00.000,1998-04-21 00:00:00.000,1998-04-02 00:00:00.000,2,121.82,Nantes,France
10972,LACOR,4,1998-03-24 00:00:00.000,1998-04-21 00:00:00.000,1998-03-26 00:00:00.000,2,0.02,Versailles,France
10973,LACOR,6,1998-03-24 00:00:00.000,1998-04-21 00:00:00.000,1998-03-27 00:00:00.000,2,15.17,Versailles,France
10974,SPLIR,3,1998-03-25 00:00:00.000,1998-04-08 00:00:00.000,1998-04-03 00:00:00.000,3,12.96,Lander,USA
10975,BOTTM,1,1998-03-25 00:00:00.000,1998-04-22 00:00:00.000,1998-03-27 00:00:00.000,3,32.27,Tsawassen,Canada
10976,HILAA,1,1998-03-25 00:00:00.000,1998-05-06 00:00:00.000,1998-04-03 00:00:00.000,1,37.97,San Cristóbal,Venezuela
10977,FOLKO,8,1998-03-26 00:00:00.000,1998-04-23 00:00:00.000,1998-04-10 00:00:00.000,3,208.5,Bräcke,Sweden
10978,MAISD,9,1998-03-26 00:00:00.000,1998-04-23 00:00:00.000,1998-04-23 00:00:00.000,2,32.82,Bruxelles,Belgium
10979,ERNSH,8,1998-03-26 00:00:00.000,1998-04-23 00:00:00.000,1998-03-31 00:00:00.000,2,353.07,Graz,Austria
10980,FOLKO,4,1998-03-27 00:00:00.000,1998-05-08 00:00:00.000,1998-04-17 00:00:00.000,1,1.26,Bräcke,Sweden
10981,HANAR,1,1998-03-27 00:00:00.000,1998-04-24 00:00:00.000,1998-04-02 00:00:00.000,2,193.37,Rio de Janeiro,Brazil
10982,BOTTM,2,1998-03-27 00:00:00.000,1998-04-24 00:00:00.000,1998-04-08 00:00:00.000,1,14.01,Tsawassen,Canada
10983,SAVEA,2,1998-03-27 00:00:00.000,1998-04-24 00:00:00.000,1998-04-06 00:00:00.000,2,657.54,Boise,USA
10984,SAVEA,1,1998-03-30 00:00:00.000,1998-04-27 00:00:00.000,1998-04-03 00:00:00.000,3,211.22,Boise,USA
10985,HUNGO,2,1998-03-30 00:00:00.000,1998-04-27 00:00:00.000,1998-04-02 00:00:00.000,1,91.51,Cork,Ireland
10986,OCEAN,8,1998-03-30 00:00:00.000,1998-04-27 00:00:00.000,1998-04-21 00:00:00.000,2,217.86,Buenos Aires,Argentina
10987,EASTC,8,1998-03-31 00:00:00.000,1998-04-28 00:00:00.000,1998-04-06 00:00:00.000,1,185.48,London,UK
10988,RATTC,3,1998-03-31 00:00:00.000,1998-04-28 00:00:00.000,1998-04-10 00:00:00.000,2,61.14,Albuquerque,USA
10989,QUEDE,2,1998-03-31 00:00:00.000,1998-04-28 00:00:00.000,1998-04-02 00:00:00.000,1,34.76,Rio de Janeiro,Brazil
10990,ERNSH,2,1998-04-01 00:00:00.000,1998-05-13 00:00:00.000,1998-04-07 00:00:00.000,3,117.61,Graz,Austria
10991,QUICK,1,1998-04-01 00:00:00.000,1998-04-29 00:00:00.000,1998-04-07 00:00:00.000,1,38.51,Cunewalde,Germany
10992,THEBI,1,1998-04-01 00:00:00.000,1998-04-29 00:00:00.000,1998-04-03 00:00:00.000,3,4.27,Portland,USA
10993,FOLKO,7,1998-04-01 00:00:00.000,1998-04-29 00:00:00.000,1998-04-10 00:00:00.000,3,8.81,Bräcke,Sweden
10994,VAFFE,2,1998-04-02 00:00:00.000,1998-04-16 00:00:00.000,1998-04-09 00:00:00.000,3,65.53,Århus,Denmark
10995,PERIC,1,1998-04-02 00:00:00.000,1998-04-30 00:00:00.000,1998-04-06 00:00:00.000,3,46.0,México D.F.,Mexico
10996,QUICK,4,1998-04-02 00:00:00.000,1998-04-30 00:00:00.000,1998-04-10 00:00:00.000,2,1.12,Cunewalde,Germany
10997,LILAS,8,1998-04-03 00:00:00.000,1998-05-15 00:00:00.000,1998-04-13 00:00:00.000,2,73.91,Barquisimeto,Venezuela
10998,WOLZA,8,1998-04-03 00:00:00.000,1998-04-17 00:00:00.000,1998-04-17 00:00:00.000,2,20.31,Warszawa,Poland
10999,OTTIK,6,1998-04-03 00:00:00.000,1998-05-01 00:00:00.000,1998-04-10 00:00:00.000,2,96.35,Köln,Germany
11000,RATTC,2,1998-04-06 00:00:00.000,1998-05-04 00:00:00.000,1998-04-14 00:00:00.000,3,55.12,Albuquerque,USA
11001,FOLKO,2,1998-04-06 00:00:00.000,1998-05-04 00:00:00.000,1998-04-14 00:00:00.000,2,197.3,Bräcke,Sweden
11002,SAVEA,4,1998-04-06 00:00:00.000,1998-05-04 00:00:00.000,1998-04-16 00:00:00.000,1,141.16,Boise,USA
11003,THECR,3,1998-04-06 00:00:00.000,1998-05-04 00:00:00.000,1998-04-08 00:00:00.000,3,14.91,Butte,USA
11004,MAISD,3,1998-04-07 00:00:00.000,1998-05-05 00:00:00.000,1998-04-20 00:00:00.000,1,44.84,Bruxelles,Belgium
11005,WILMK,2,1998-04-07 00:00:00.000,1998-05-05 00:00:00.000,1998-04-10 00:00:00.000,1,0.75,Helsinki,Finland
11006,GREAL,3,1998-04-07 00:00:00.000,1998-05-05 00:00:00.000,1998-04-15 00:00:00.000,2,25.19,Eugene,USA
11007,PRINI,8,1998-04-08 00:00:00.000,1998-05-06 00:00:00.000,1998-04-13 00:00:00.000,2,202.24,Lisboa,Portugal
11008,ERNSH,7,1998-04-08 00:00:00.000,1998-05-06 00:00:00.000,,3,79.46,Graz,Austria
11009,GODOS,2,1998-04-08 00:00:00.000,1998-05-06 00:00:00.000,1998-04-10 00:00:00.000,1,59.11,Sevilla,Spain
11010,REGGC,2,1998-04-09 00:00:00.000,1998-05-07 00:00:00.000,1998-04-21 00:00:00.000,2,28.71,Reggio Emilia,Italy
11011,ALFKI,3,1998-04-09 00:00:00.000,1998-05-07 00:00:00.000,1998-04-13 00:00:00.000,1,1.21,Berlin,Germany
11012,FRANK,1,1998-04-09 00:00:00.000,1998-04-23 00:00:00.000,1998-04-17 00:00:00.000,3,242.95,München,Germany
11013,ROMEY,2,1998-04-09 00:00:00.000,1998-05-07 00:00:00.000,1998-04-10 00:00:00.000,1,32.99,Madrid,Spain
11014,LINOD,2,1998-04-10 00:00:00.000,1998-05-08 00:00:00.000,1998-04-15 00:00:00.000,3,23.6,I. de Margarita,Venezuela
11015,SANTG,2,1998-04-10 00:00:00.000,1998-04-24 00:00:00.000,1998-04-20 00:00:00.000,2,4.62,Stavern,Norway
11016,AROUT,9,1998-04-10 00:00:00.000,1998-05-08 00:00:00.000,1998-04-13 00:00:00.000,2,33.8,Colchester,UK
11017,ERNSH,9,1998-04-13 00:00:00.000,1998-05-11 00:00:00.000,1998-04-20 00:00:00.000,2,754.26,Graz,Austria
11018,LONEP,4,1998-04-13 00:00:00.000,1998-05-11 00:00:00.000,1998-04-16 00:00:00.000,2,11.65,Portland,USA
11019,RANCH,6,1998-04-13 00:00:00.000,1998-05-11 00:00:00.000,,3,3.17,Buenos Aires,Argentina
11020,OTTIK,2,1998-04-14 00:00:00.000,1998-05-12 00:00:00.000,1998-04-16 00:00:00.000,2,43.3,Köln,Germany
11021,QUICK,3,1998-04-14 00:00:00.000,1998-05-12 00:00:00.000,1998-04-21 00:00:00.000,1,297.18,Cunewalde,Germany
11022,HANAR,9,1998-04-14 00:00:00.000,1998-05-12 00:00:00.000,1998-05-04 00:00:00.000,2,6.27,Rio de Janeiro,Brazil
11023,BSBEV,1,1998-04-14 00:00:00.000,1998-04-28 00:00:00.000,1998-04-24 00:00:00.000,2,123.83,London,UK
11024,EASTC,4,1998-04-15 00:00:00.000,1998-05-13 00:00:00.000,1998-04-20 00:00:00.000,1,74.36,London,UK
11025,WARTH,6,1998-04-15 00:00:00.000,1998-05-13 00:00:00.000,1998-04-24 00:00:00.000,3,29.17,Oulu,Finland
11026,FRANS,4,1998-04-15 00:00:00.000,1998-05-13 00:00:00.000,1998-04-28 00:00:00.000,1,47.09,Torino,Italy
11027,BOTTM,1,1998-04-16 00:00:00.000,1998-05-14 00:00:00.000,1998-04-20 00:00:00.000,1,52.52,Tsawassen,Canada
11028,KOENE,2,1998-04-16 00:00:00.000,1998-05-14 00:00:00.000,1998-04-22 00:00:00.000,1,29.59,Brandenburg,Germany
11029,CHOPS,4,1998-04-16 00:00:00.000,1998-05-14 00:00:00.000,1998-04-27 00:00:00.000,1,47.84,Bern,Switzerland
11030,SAVEA,7,1998-04-17 00:00:00.000,1998-05-15 00:00:00.000,1998-04-27 00:00:00.000,2,830.75,Boise,USA
11031,SAVEA,6,1998-04-17 00:00:00.000,1998-05-15 00:00:00.000,1998-04-24 00:00:00.000,2,227.22,Boise,USA
11032,WHITC,2,1998-04-17 00:00:00.000,1998-05-15 00:00:00.000,1998-04-23 00:00:00.000,3,606.19,Seattle,USA
11033,RICSU,7,1998-04-17 00:00:00.000,1998-05-15 00:00:00.000,1998-04-23 00:00:00.000,3,84.74,Genève,Switzerland
11034,OLDWO,8,1998-04-20 00:00:00.000,1998-06-01 00:00:00.000,1998-04-27 00:00:00.000,1,40.32,Anchorage,USA
11035,SUPRD,2,1998-04-20 00:00:00.000,1998-05-18 00:00:00.000,1998-04-24 00:00:00.000,2,0.17,Charleroi,Belgium
11036,DRACD,8,1998-04-20 00:00:00.000,1998-05-18 00:00:00.000,1998-04-22 00:00:00.000,3,149.47,Aachen,Germany
11037,GODOS,7,1998-04-21 00:00:00.000,1998-05-19 00:00:00.000,1998-04-27 00:00:00.000,1,3.2,Sevilla,Spain
11038,SUPRD,1,1998-04-21 00:00:00.000,1998-05-19 00:00:00.000,1998-04-30 00:00:00.000,2,29.59,Charleroi,Belgium
11039,LINOD,1,1998-04-21 00:00:00.000,1998-05-19 00:00:00.000,,2,65.0,I. de Margarita,Venezuela
11040,GREAL,4,1998-04-22 00:00:00.000,1998-05-20 00:00:00.000,,3,18.84,Eugene,USA
11041,CHOPS,3,1998-04-22 00:00:00.000,1998-05-20 00:00:00.000,1998-04-28 00:00:00.000,2,48.22,Bern,Switzerland
11042,COMMI,2,1998-04-22 00:00:00.000,1998-05-06 00:00:00.000,1998-05-01 00:00:00.000,1,29.99,Sao Paulo,Brazil
11043,SPECD,5,1998-04-22 00:00:00.000,1998-05-20 00:00:00.000,1998-04-29 00:00:00.000,2,8.8,Paris,France
11044,WOLZA,4,1998-04-23 00:00:00.000,1998-05-21 00:00:00.000,1998-05-01 00:00:00.000,1,8.72,Warszawa,Poland
11045,BOTTM,6,1998-04-23 00:00:00.000,1998-05-21 00:00:00.000,,2,70.58,Tsawassen,Canada
11046,WANDK,8,1998-04-23 00:00:00.000,1998-05-21 00:00:00.000,1998-04-24 00:00:00.000,2,71.64,Stuttgart,Germany
11047,EASTC,7,1998-04-24 00:00:00.000,1998-05-22 00:00:00.000,1998-05-01 00:00:00.000,3,46.62,London,UK
11048,BOTTM,7,1998-04-24 00:00:00.000,1998-05-22 00:00:00.000,1998-04-30 00:00:00.000,3,24.12,Tsawassen,Canada
11049,GOURL,3,1998-04-24 00:00:00.000,1998-05-22 00:00:00.000,1998-05-04 00:00:00.000,1,8.34,Campinas,Brazil
11050,FOLKO,8,1998-04-27 00:00:00.000,1998-05-25 00:00:00.000,1998-05-05 00:00:00.000,2,59.41,Bräcke,Sweden
11051,LAMAI,7,1998-04-27 00:00:00.000,1998-05-25 00:00:00.000,,3,2.79,Toulouse,France
11052,HANAR,3,1998-04-27 00:00:00.000,1998-05-25 00:00:00.000,1998-05-01 00:00:00.000,1,67.26,Rio de Janeiro,Brazil
11053,PICCO,2,1998-04-27 00:00:00.000,1998-05-25 00:00:00.000,1998-04-29 00:00:00.000,2,53.05,Salzburg,Austria
11054,CACTU,8,1998-04-28 00:00:00.000,1998-05-26 00:00:00.000,,1,0.33,Buenos Aires,Argentina
11055,HILAA,7,1998-04-28 00:00:00.000,1998-05-26 00:00:00.000,1998-05-05 00:00:00.000,2,120.92,San Cristóbal,Venezuela
11056,EASTC,8,1998-04-28 00:00:00.000,1998-05-12 00:00:00.000,1998-05-01 00:00:00.000,2,278.96,London,UK
11057,NORTS,3,1998-04-29 00:00:00.000,1998-05-27 00:00:00.000,1998-05-01 00:00:00.000,3,4.13,London,UK
11058,BLAUS,9,1998-04-29 00:00:00.000,1998-05-27 00:00:00.000,,3,31.14,Mannheim,Germany
11059,RICAR,2,1998-04-29 00:00:00.000,1998-06-10 00:00:00.000,,2,85.8,Rio de Janeiro,Brazil
11060,FRANS,2,1998-04-30 00:00:00.000,1998-05-28 00:00:00.000,1998-05-04 00:00:00.000,2,10.98,Torino,Italy
11061,GREAL,4,1998-04-30 00:00:00.000,1998-06-11 00:00:00.000,,3,14.01,Eugene,USA
11062,REGGC,4,1998-04-30 00:00:00.000,1998-05-28 00:00:00.000,,2,29.93,Reggio Emilia,Italy
11063,HUNGO,3,1998-04-30 00:00:00.000,1998-05-28 00:00:00.000,1998-05-06 00:00:00.000,2,81.73,Cork,Ireland
11064,SAVEA,1,1998-05-01 00:00:00.000,1998-05-29 00:00:00.000,1998-05-04 00:00:00.000,1,30.09,Boise,USA
11065,LILAS,8,1998-05-01 00:00:00.000,1998-05-29 00:00:00.000,,1,12.91,Barquisimeto,Venezuela
11066,WHITC,7,1998-05-01 00:00:00.000,1998-05-29 00:00:00.000,1998-05-04 00:00:00.000,2,44.72,Seattle,USA
11067,DRACD,1,1998-05-04 00:00:00.000,1998-05-18 00:00:00.000,1998-05-06 00:00:00.000,2,7.98,Aachen,Germany
11068,QUEEN,8,1998-05-04 00:00:00.000,1998-06-01 00:00:00.000,,2,81.75,Sao Paulo,Brazil
11069,TORTU,1,1998-05-04 00:00:00.000,1998-06-01 00:00:00.000,1998-05-06 00:00:00.000,2,15.67,México D.F.,Mexico
11070,LEHMS,2,1998-05-05 00:00:00.000,1998-06-02 00:00:00.000,,1,136.0,Frankfurt a.M.,Germany
11071,LILAS,1,1998-05-05 00:00:00.000,1998-06-02 00:00:00.000,,1,0.93,Barquisimeto,Venezuela
11072,ERNSH,4,1998-05-05 00:00:00.000,1998-06-02 00:00:00.000,,2,258.64,Graz,Austria
11073,PERIC,2,1998-05-05 00:00:00.000,1998-06-02 00:00:00.000,,2,24.95,México D.F.,Mexico
11074,SIMOB,7,1998-05-06 00:00:00.000,1998-06-03 00:00:00.000,,2,18.44,Kobenhavn,Denmark
11075,RICSU,8,1998-05-06 00:00:00.000,1998-06-03 00:00:00.000,,2,6.19,Genève,Switzerland
11076,BONAP,4,1998-05-06 00:00:00.000,1998-06-03 00:00:00.000,,2,38.28,Marseille,France
11077,RATTC,1,1998-05-06 00:00:00.000,1998-06-03 00:00:00.000,,2,8.53,Albuquerque,USA
