supplier_id,company_name,contact_name,city,country
1,Exotic Liquids,Charlotte Cooper,London,UK
2,New Orleans Cajun Delights,Shelley Burke,New Orleans,USA
3,Grandma Kelly's Homestead,Regina Murphy,Ann Arbor,USA
4,Tokyo Traders,Yoshi Nagase,Tokyo,Japan
5,Cooperativa de Quesos 'Las Cabras',Antonio del Valle Saavedra ,Oviedo,Spain
6,Mayumi's,Mayumi Ohno,Osaka,Japan
7,"Pavlova, Ltd.",Ian Devling,Melbourne,Australia
8,"Specialty Biscuits, Ltd.",Peter Wilson,Manchester,UK
9,PB Knäckebröd AB,Lars Peterson,Göteborg,Sweden 
10,Refrescos Americanas LTDA,Carlos Diaz,São Paulo,Brazil
11,Heli Süßwaren GmbH & Co. KG,Petra Winkler,Berlin,Germany
12,Plutzer Lebensmittelgroßmärkte AG,Martin Bein,Frankfurt,Germany
13,Nord-Ost-Fisch Handelsgesellschaft mbH,Sven Petersen,Cuxhaven,Germany
14,Formaggi Fortini s.r.l.,Elio Rossi,Ravenna,Italy
15,Norske Meierier,Beate Vileid,Sandvika,Norway
16,Bigfoot Breweries,Cheryl Saylor,Bend,USA
17,Svensk Sjöföda AB,Michael Björn,Stockholm,Sweden
18,Aux joyeux ecclésiastiques,Guylène Nodier,Paris,France
19,New England Seafood Cannery,Robb Merchant,Boston,USA
20,Leka Trading,Chandra Leka,Singapore,Singapore
21,Lyngbysild,Niels Petersen,Lyngby,Denmark
22,Zaanse Snoepfabriek,Dirk Luchte,Zaandam,Netherlands
23,Karkki Oy,Anne Heikkonen,Lappeenranta,Finland
24,"G'day, Mate",Wendy Mackenzie,Sydney,Australia
25,Ma Maison,Jean-Guy Lauzon,Montréal,Canada
26,Pasta Buttini s.r.l.,Giovanni Giudici,Salerno,Italy
27,Escargots Nouveaux,Marie Delamare,Montceau,France
28,Gai pâturage,Eliane Noz,Annecy,France
29,Forêts d'érables,Chantal Goulet,Ste-Hyacinthe,Canada
